"osm_id","latitude","longitude","name","traffic_signals","direction","crossing","source","osm_url"
17327106,12.9172090,77.5858603,"","","","","OpenStreetMap","https://www.openstreetmap.org/node/17327106"
17327420,13.0952244,77.5941775,"","signal","","","OpenStreetMap","https://www.openstreetmap.org/node/17327420"
26529522,12.9746070,77.6200528,"","","","","OpenStreetMap","https://www.openstreetmap.org/node/26529522"
26529553,12.9815923,77.6232203,"","","","traffic_signals","OpenStreetMap","https://www.openstreetmap.org/node/26529553"
60952260,12.9660779,77.6067449,"","","","","OpenStreetMap","https://www.openstreetmap.org/node/60952260"
60952288,12.9580529,77.6059189,"","","","traffic_signals","OpenStreetMap","https://www.openstreetmap.org/node/60952288"
60952294,12.9599337,77.6019168,"","","","","OpenStreetMap","https://www.openstreetmap.org/node/60952294"
60952479,12.9706326,77.6103062,"","signal","","","OpenStreetMap","https://www.openstreetmap.org/node/60952479"
61746200,12.9400273,77.6253351,"","signal","","","OpenStreetMap","https://www.openstreetmap.org/node/61746200"
61746217,12.9427582,77.6225279,"","","","","OpenStreetMap","https://www.openstreetmap.org/node/61746217"
61748543,12.9685209,77.6144953,"","","","","OpenStreetMap","https://www.openstreetmap.org/node/61748543"
61748553,12.9524150,77.6202156,"","","","","OpenStreetMap","https://www.openstreetmap.org/node/61748553"
62053503,12.9605170,77.5043062,"","","","","OpenStreetMap","https://www.openstreetmap.org/node/62053503"
62053645,12.9605130,77.5043695,"","","","","OpenStreetMap","https://www.openstreetmap.org/node/62053645"
62067292,12.9613763,77.5840428,"","","","traffic_signals","OpenStreetMap","https://www.openstreetmap.org/node/62067292"
158687972,12.9541872,77.5852663,"","","","","OpenStreetMap","https://www.openstreetmap.org/node/158687972"
176470763,12.9379970,77.5497383,"Seeta Circle","","","","OpenStreetMap","https://www.openstreetmap.org/node/176470763"
245614692,12.9484823,77.5737822,"","","","","OpenStreetMap","https://www.openstreetmap.org/node/245614692"
246171012,12.9656578,77.5869253,"","signal","","","OpenStreetMap","https://www.openstreetmap.org/node/246171012"
246171013,12.9636229,77.5851479,"","","","","OpenStreetMap","https://www.openstreetmap.org/node/246171013"
246171016,12.9577464,77.5821331,"","","","traffic_signals","OpenStreetMap","https://www.openstreetmap.org/node/246171016"
247989220,12.9164504,77.6101986,"","","","","OpenStreetMap","https://www.openstreetmap.org/node/247989220"
247989224,12.9163018,77.6152765,"","","","","OpenStreetMap","https://www.openstreetmap.org/node/247989224"
247991553,12.9284001,77.6005936,"","","","traffic_signals","OpenStreetMap","https://www.openstreetmap.org/node/247991553"
248181114,12.9459107,77.5955342,"","","","","OpenStreetMap","https://www.openstreetmap.org/node/248181114"
248455447,12.9646748,77.5967276,"","","","","OpenStreetMap","https://www.openstreetmap.org/node/248455447"
248455465,12.9679192,77.6002120,"","","","","OpenStreetMap","https://www.openstreetmap.org/node/248455465"
248459796,12.9721004,77.6070443,"","signal","","","OpenStreetMap","https://www.openstreetmap.org/node/248459796"
248525409,12.9538564,77.5913354,"","","","","OpenStreetMap","https://www.openstreetmap.org/node/248525409"
248552486,12.8929011,77.6104790,"","signal","","","OpenStreetMap","https://www.openstreetmap.org/node/248552486"
248671285,12.9454711,77.5285693,"","","","","OpenStreetMap","https://www.openstreetmap.org/node/248671285"
248678559,12.9252707,77.5500870,"","","","","OpenStreetMap","https://www.openstreetmap.org/node/248678559"
248678594,12.9064246,77.5734546,"","","","","OpenStreetMap","https://www.openstreetmap.org/node/248678594"
248679505,12.9057665,77.5427034,"","signal","","","OpenStreetMap","https://www.openstreetmap.org/node/248679505"
248679597,12.9266364,77.5612616,"","signal","","","OpenStreetMap","https://www.openstreetmap.org/node/248679597"
248679644,12.9288776,77.5662960,"","signal","","","OpenStreetMap","https://www.openstreetmap.org/node/248679644"
248680032,12.9208657,77.5745887,"","","","","OpenStreetMap","https://www.openstreetmap.org/node/248680032"
248680033,12.9211023,77.5734649,"","","","","OpenStreetMap","https://www.openstreetmap.org/node/248680033"
248680036,12.9294201,77.5736196,"","","","","OpenStreetMap","https://www.openstreetmap.org/node/248680036"
248776663,12.9369042,77.5738183,"","","","traffic_signals","OpenStreetMap","https://www.openstreetmap.org/node/248776663"
248808777,12.9437041,77.5736802,"","","","","OpenStreetMap","https://www.openstreetmap.org/node/248808777"
248808932,12.9436325,77.5678527,"","","","","OpenStreetMap","https://www.openstreetmap.org/node/248808932"
248808939,12.9436249,77.5802208,"","","","traffic_signals","OpenStreetMap","https://www.openstreetmap.org/node/248808939"
248809641,12.9368768,77.5752561,"","","","traffic_signals","OpenStreetMap","https://www.openstreetmap.org/node/248809641"
248809814,12.9390574,77.5715680,"","","","","OpenStreetMap","https://www.openstreetmap.org/node/248809814"
248838859,12.9393825,77.5666834,"","","","","OpenStreetMap","https://www.openstreetmap.org/node/248838859"
248839215,12.9169660,77.5736454,"","","","","OpenStreetMap","https://www.openstreetmap.org/node/248839215"
249074049,12.9284545,77.5972154,"","signal","","","OpenStreetMap","https://www.openstreetmap.org/node/249074049"
249074386,12.9309078,77.5761739,"Yediyuru Circle","signal","","","OpenStreetMap","https://www.openstreetmap.org/node/249074386"
249075247,12.9206044,77.5951629,"Karnataka Bank Junction","signal","","","OpenStreetMap","https://www.openstreetmap.org/node/249075247"
249075973,12.9173822,77.5895121,"","","","","OpenStreetMap","https://www.openstreetmap.org/node/249075973"
249075975,12.9169561,77.5969019,"","","","","OpenStreetMap","https://www.openstreetmap.org/node/249075975"
249076302,12.9573090,77.5696091,"","","","","OpenStreetMap","https://www.openstreetmap.org/node/249076302"
249076305,12.9482704,77.5700739,"","","","traffic_signals","OpenStreetMap","https://www.openstreetmap.org/node/249076305"
249080527,12.9279676,77.5463249,"","signal","","","OpenStreetMap","https://www.openstreetmap.org/node/249080527"
249081188,12.9622247,77.5757939,"","signal","","","OpenStreetMap","https://www.openstreetmap.org/node/249081188"
249081285,12.9596672,77.5744679,"","signal","","","OpenStreetMap","https://www.openstreetmap.org/node/249081285"
249081922,12.9907397,77.5996240,"","","","","OpenStreetMap","https://www.openstreetmap.org/node/249081922"
249082012,12.9897540,77.5927032,"","","","","OpenStreetMap","https://www.openstreetmap.org/node/249082012"
249082188,12.9754941,77.6145054,"","","","","OpenStreetMap","https://www.openstreetmap.org/node/249082188"
249082234,12.9809819,77.6099607,"","","","","OpenStreetMap","https://www.openstreetmap.org/node/249082234"
249083107,12.9926230,77.6097923,"","signal","","","OpenStreetMap","https://www.openstreetmap.org/node/249083107"
249083111,12.9936479,77.6072115,"","","","","OpenStreetMap","https://www.openstreetmap.org/node/249083111"
249083677,12.9595492,77.5559464,"","","","","OpenStreetMap","https://www.openstreetmap.org/node/249083677"
249084138,12.9503340,77.5376362,"","","","","OpenStreetMap","https://www.openstreetmap.org/node/249084138"
249084423,12.9577314,77.5341001,"","signal","","","OpenStreetMap","https://www.openstreetmap.org/node/249084423"
249084426,12.9599483,77.5331539,"","","","","OpenStreetMap","https://www.openstreetmap.org/node/249084426"
249084472,12.9661078,77.5355823,"","","","","OpenStreetMap","https://www.openstreetmap.org/node/249084472"
249084482,12.9741233,77.5447325,"","","","","OpenStreetMap","https://www.openstreetmap.org/node/249084482"
249084487,12.9752543,77.5482330,"","","","","OpenStreetMap","https://www.openstreetmap.org/node/249084487"
249086392,12.9613737,77.5592663,"","","","","OpenStreetMap","https://www.openstreetmap.org/node/249086392"
249086438,12.9605005,77.5685496,"Royan Circle","","","","Royan Circle","https://www.openstreetmap.org/node/249086438"
249087719,12.9563509,77.5772014,"","","","","OpenStreetMap","https://www.openstreetmap.org/node/249087719"
249087936,12.9657245,77.5865182,"","signal","","","OpenStreetMap","https://www.openstreetmap.org/node/249087936"
249087971,12.9729254,77.5810224,"Mysore Bank Circle","","","","OpenStreetMap","https://www.openstreetmap.org/node/249087971"
249098535,12.9554830,77.5919637,"","","","","OpenStreetMap","https://www.openstreetmap.org/node/249098535"
249585502,12.9610125,77.5591727,"","","","","OpenStreetMap","https://www.openstreetmap.org/node/249585502"
249589809,12.9560110,77.5463943,"","signal","","","OpenStreetMap","https://www.openstreetmap.org/node/249589809"
249775286,12.9397582,77.5739629,"","","","","OpenStreetMap","https://www.openstreetmap.org/node/249775286"
249788404,12.9407831,77.5738077,"","","","","OpenStreetMap","https://www.openstreetmap.org/node/249788404"
251082959,12.9814997,77.6311960,"","","","traffic_signals","OpenStreetMap","https://www.openstreetmap.org/node/251082959"
251105190,12.9836256,77.7523529,"","","","","OpenStreetMap","https://www.openstreetmap.org/node/251105190"
251105283,12.9612313,77.7476049,"","","","","OpenStreetMap","https://www.openstreetmap.org/node/251105283"
251145689,12.9840247,77.6402869,"","","","","OpenStreetMap","https://www.openstreetmap.org/node/251145689"
251146209,12.9666398,77.6203284,"","","","","OpenStreetMap","https://www.openstreetmap.org/node/251146209"
251361750,12.9932818,77.5714930,"","","","","OpenStreetMap","https://www.openstreetmap.org/node/251361750"
251361754,13.0084297,77.5711436,"","","","traffic_signals","OpenStreetMap","https://www.openstreetmap.org/node/251361754"
251361762,13.0170551,77.5605477,"","signal","","","OpenStreetMap","https://www.openstreetmap.org/node/251361762"
253179978,12.9857661,77.6449358,"","","","","OpenStreetMap","https://www.openstreetmap.org/node/253179978"
253179984,12.9784796,77.6465988,"","","","","OpenStreetMap","https://www.openstreetmap.org/node/253179984"
253179993,12.9688448,77.6476289,"","","forward","","OpenStreetMap","https://www.openstreetmap.org/node/253179993"
253518979,12.9670177,77.6615244,"","","","","OpenStreetMap","https://www.openstreetmap.org/node/253518979"
253521393,12.9783441,77.6410411,"","","","","OpenStreetMap","https://www.openstreetmap.org/node/253521393"
253521398,12.9781423,77.6366403,"","","","","OpenStreetMap","https://www.openstreetmap.org/node/253521398"
253521405,12.9783815,77.6286205,"","","","","OpenStreetMap","https://www.openstreetmap.org/node/253521405"
254665635,12.9860822,77.5894728,"","","","","OpenStreetMap","https://www.openstreetmap.org/node/254665635"
254665681,12.9807434,77.6029061,"","","","","OpenStreetMap","https://www.openstreetmap.org/node/254665681"
254665683,12.9804068,77.6038622,"","","","","OpenStreetMap","https://www.openstreetmap.org/node/254665683"
255558038,12.9730613,77.6469104,"Thippasandra Cross","","","","OpenStreetMap","https://www.openstreetmap.org/node/255558038"
260729391,12.9373044,77.6270752,"Sony World Signal","signal","forward","","OpenStreetMap","https://www.openstreetmap.org/node/260729391"
260908338,12.9109800,77.6837863,"","signal","","","OpenStreetMap","https://www.openstreetmap.org/node/260908338"
263155275,12.9684482,77.6061032,"","signal","","","OpenStreetMap","https://www.openstreetmap.org/node/263155275"
264191074,12.8697535,77.6533581,"","","","traffic_signals","OpenStreetMap","https://www.openstreetmap.org/node/264191074"
266865270,12.8890463,77.6398958,"","","","traffic_signals","OpenStreetMap","https://www.openstreetmap.org/node/266865270"
278163345,13.0817755,77.5931229,"","","","","OpenStreetMap","https://www.openstreetmap.org/node/278163345"
278163350,13.0822706,77.5931329,"","signal","","","OpenStreetMap","https://www.openstreetmap.org/node/278163350"
286679410,12.9668490,77.5875317,"","","","","OpenStreetMap","https://www.openstreetmap.org/node/286679410"
286679427,12.9668279,77.5875646,"","signal","","","OpenStreetMap","https://www.openstreetmap.org/node/286679427"
286679458,12.9677579,77.5874378,"","signal","","","OpenStreetMap","https://www.openstreetmap.org/node/286679458"
286681113,12.9785476,77.5425316,"","","","","OpenStreetMap","https://www.openstreetmap.org/node/286681113"
286681888,12.9810486,77.5746382,"","","backward","traffic_signals","OpenStreetMap","https://www.openstreetmap.org/node/286681888"
286965860,12.9778871,77.5909529,"","signal","","","OpenStreetMap","https://www.openstreetmap.org/node/286965860"
287793968,12.9681517,77.5873435,"","signal","","","OpenStreetMap","https://www.openstreetmap.org/node/287793968"
287793997,12.9634181,77.5891393,"","","","traffic_signals","OpenStreetMap","https://www.openstreetmap.org/node/287793997"
287911099,12.9715933,77.6359347,"","","","","OpenStreetMap","https://www.openstreetmap.org/node/287911099"
287911537,12.9751043,77.6252162,"","","","","OpenStreetMap","https://www.openstreetmap.org/node/287911537"
287912509,12.9703619,77.6413242,"","","","","OpenStreetMap","https://www.openstreetmap.org/node/287912509"
294076280,12.9903012,77.5886396,"","","","","OpenStreetMap","https://www.openstreetmap.org/node/294076280"
294081382,12.9828071,77.5969513,"","","","","OpenStreetMap","https://www.openstreetmap.org/node/294081382"
294082867,12.9850940,77.5722241,"","","","","OpenStreetMap","https://www.openstreetmap.org/node/294082867"
294083347,12.9754468,77.5747547,"","","","","OpenStreetMap","https://www.openstreetmap.org/node/294083347"
294083513,12.9752011,77.5763387,"","signal","","","OpenStreetMap","https://www.openstreetmap.org/node/294083513"
294083863,12.9878262,77.5742634,"","","","","OpenStreetMap","https://www.openstreetmap.org/node/294083863"
294084044,12.9890267,77.5739571,"","","","","OpenStreetMap","https://www.openstreetmap.org/node/294084044"
295735336,13.0087663,77.5691563,"","","","","OpenStreetMap","https://www.openstreetmap.org/node/295735336"
295735338,13.0055874,77.5692348,"","","","traffic_signals","OpenStreetMap","https://www.openstreetmap.org/node/295735338"
295735342,12.9968667,77.5692940,"","","","","OpenStreetMap","https://www.openstreetmap.org/node/295735342"
295735476,13.0146245,77.5728870,"","","","","OpenStreetMap","https://www.openstreetmap.org/node/295735476"
296029992,13.0039820,77.6195908,"","signal","","","OpenStreetMap","https://www.openstreetmap.org/node/296029992"
298830710,12.9657377,77.6252023,"","","","","OpenStreetMap","https://www.openstreetmap.org/node/298830710"
298830828,12.9667429,77.6206838,"","signal","","","OpenStreetMap","https://www.openstreetmap.org/node/298830828"
298831052,12.9552045,77.6894444,"","","","","OpenStreetMap","https://www.openstreetmap.org/node/298831052"
303926963,12.9205751,77.6002099,"Gurappana Palya Junction","","","","OpenStreetMap","https://www.openstreetmap.org/node/303926963"
303975904,12.9483195,77.5767750,"","","","uncontrolled","OpenStreetMap","https://www.openstreetmap.org/node/303975904"
304277418,12.9274056,77.6208361,"","","","","OpenStreetMap","https://www.openstreetmap.org/node/304277418"
304771894,12.9314922,77.6226225,"","","","","OpenStreetMap","https://www.openstreetmap.org/node/304771894"
305154536,12.9102440,77.5952994,"","","","","OpenStreetMap","https://www.openstreetmap.org/node/305154536"
306074373,12.9609211,77.6388110,"","","","","OpenStreetMap","https://www.openstreetmap.org/node/306074373"
306586928,12.9345385,77.6123203,"","signal","","","OpenStreetMap","https://www.openstreetmap.org/node/306586928"
306594280,12.9172507,77.6224563,"","","","","OpenStreetMap","https://www.openstreetmap.org/node/306594280"
306601671,12.9372946,77.6018928,"","signal","","","OpenStreetMap","https://www.openstreetmap.org/node/306601671"
306601726,12.9372664,77.6014978,"","signal","","","OpenStreetMap","https://www.openstreetmap.org/node/306601726"
306601731,12.9369854,77.6019814,"","signal","","","OpenStreetMap","https://www.openstreetmap.org/node/306601731"
306834748,12.9664257,77.6142217,"","","","","OpenStreetMap","https://www.openstreetmap.org/node/306834748"
306854061,12.9139370,77.6101015,"","","","","OpenStreetMap","https://www.openstreetmap.org/node/306854061"
307404566,12.9237827,77.6398975,"","","","","OpenStreetMap","https://www.openstreetmap.org/node/307404566"
308063197,12.9845161,77.5718021,"","signal","","","OpenStreetMap","https://www.openstreetmap.org/node/308063197"
308063843,12.9571579,77.5284137,"","signal","","","OpenStreetMap","https://www.openstreetmap.org/node/308063843"
308064375,12.9521149,77.4998105,"","","","","OpenStreetMap","https://www.openstreetmap.org/node/308064375"
308069216,12.9808805,77.5365605,"","","","","OpenStreetMap","https://www.openstreetmap.org/node/308069216"
308072410,13.0258594,77.5207425,"","","","","OpenStreetMap","https://www.openstreetmap.org/node/308072410"
308072451,13.0398882,77.5183596,"Jalahalli Cross","","","","OpenStreetMap","https://www.openstreetmap.org/node/308072451"
308074193,13.0287260,77.5401580,"","","","","OpenStreetMap","https://www.openstreetmap.org/node/308074193"
308081022,13.0471228,77.5699836,"","signal","","","OpenStreetMap","https://www.openstreetmap.org/node/308081022"
308188550,13.0059429,77.5486862,"","","","","OpenStreetMap","https://www.openstreetmap.org/node/308188550"
308188640,13.0061180,77.5486635,"","","","","OpenStreetMap","https://www.openstreetmap.org/node/308188640"
308218810,13.0527150,77.6460252,"","","","","OpenStreetMap","https://www.openstreetmap.org/node/308218810"
308231592,13.0684068,77.5603705,"Nanjappa Circle","signal","","","OpenStreetMap","https://www.openstreetmap.org/node/308231592"
308231734,13.0348022,77.5573491,"","","","","OpenStreetMap","https://www.openstreetmap.org/node/308231734"
308231837,13.0496370,77.5537592,"","signal","","","OpenStreetMap","https://www.openstreetmap.org/node/308231837"
308232366,13.0040722,77.5491659,"","signal","","","OpenStreetMap","https://www.openstreetmap.org/node/308232366"
308232380,12.9876865,77.5500735,"","","","","OpenStreetMap","https://www.openstreetmap.org/node/308232380"
308232384,12.9844607,77.5491829,"National Public School Circle","","","","OpenStreetMap","https://www.openstreetmap.org/node/308232384"
308232637,12.9600676,77.5328908,"","","","","OpenStreetMap","https://www.openstreetmap.org/node/308232637"
308232833,12.9660878,77.5353121,"","","forward","","OpenStreetMap","https://www.openstreetmap.org/node/308232833"
308232847,12.9742803,77.5447396,"","","","","OpenStreetMap","https://www.openstreetmap.org/node/308232847"
308232862,12.9842583,77.5489013,"National Public School Circle","","","","OpenStreetMap","https://www.openstreetmap.org/node/308232862"
308232865,12.9879677,77.5497657,"","","","","OpenStreetMap","https://www.openstreetmap.org/node/308232865"
308232877,13.0037857,77.5490712,"","signal","","","OpenStreetMap","https://www.openstreetmap.org/node/308232877"
308232885,13.0061811,77.5488004,"","","","","OpenStreetMap","https://www.openstreetmap.org/node/308232885"
308232886,13.0060037,77.5488442,"","","","","OpenStreetMap","https://www.openstreetmap.org/node/308232886"
308233404,12.9576812,77.5339714,"","signal","","","OpenStreetMap","https://www.openstreetmap.org/node/308233404"
308238310,13.0404899,77.6244573,"","","","","OpenStreetMap","https://www.openstreetmap.org/node/308238310"
308729117,12.9231908,77.5760980,"","signal","","","OpenStreetMap","https://www.openstreetmap.org/node/308729117"
308729150,12.9234807,77.5763699,"","","","","OpenStreetMap","https://www.openstreetmap.org/node/308729150"
308729151,12.9234243,77.5735584,"","","","","OpenStreetMap","https://www.openstreetmap.org/node/308729151"
308807795,12.9273387,77.5769552,"Avarekalu Circle","","","","OpenStreetMap","https://www.openstreetmap.org/node/308807795"
308915752,12.9258055,77.6251691,"","","","","OpenStreetMap","https://www.openstreetmap.org/node/308915752"
308923397,12.9438910,77.6075973,"","signal","","","OpenStreetMap","https://www.openstreetmap.org/node/308923397"
308924882,12.9666874,77.6088877,"","","","","OpenStreetMap","https://www.openstreetmap.org/node/308924882"
309592695,12.9351903,77.6244413,"","","","","OpenStreetMap","https://www.openstreetmap.org/node/309592695"
309595499,12.9102099,77.5932544,"","","","","OpenStreetMap","https://www.openstreetmap.org/node/309595499"
315208341,12.9385736,77.6325528,"","","","","OpenStreetMap","https://www.openstreetmap.org/node/315208341"
315208342,12.9384443,77.6328936,"","","","","OpenStreetMap","https://www.openstreetmap.org/node/315208342"
320647365,12.9642064,77.5768931,"KR Market","","","uncontrolled","OpenStreetMap","https://www.openstreetmap.org/node/320647365"
331665381,13.1036366,77.6002543,"","","","","OpenStreetMap","https://www.openstreetmap.org/node/331665381"
332955178,13.0818799,77.5933910,"","","","","OpenStreetMap","https://www.openstreetmap.org/node/332955178"
334482516,12.9750056,77.6082104,"","","","","OpenStreetMap","https://www.openstreetmap.org/node/334482516"
335663834,13.0427065,77.5906305,"","","","","OpenStreetMap","https://www.openstreetmap.org/node/335663834"
343088229,12.9918387,77.6145720,"Shri T R A Thumba Chetty Circle","","","","OpenStreetMap","https://www.openstreetmap.org/node/343088229"
343094471,13.0020419,77.6122469,"","","","","OpenStreetMap","https://www.openstreetmap.org/node/343094471"
343320203,12.9942926,77.6635086,"","signal","","","OpenStreetMap","https://www.openstreetmap.org/node/343320203"
343322076,13.0133145,77.6619872,"","","","","OpenStreetMap","https://www.openstreetmap.org/node/343322076"
343322679,13.0002140,77.6768064,"","","","","OpenStreetMap","https://www.openstreetmap.org/node/343322679"
343459489,13.0051531,77.6850038,"","","","","OpenStreetMap","https://www.openstreetmap.org/node/343459489"
343462692,13.0135336,77.6624212,"","","","","OpenStreetMap","https://www.openstreetmap.org/node/343462692"
343594553,12.9815657,77.6054118,"","","","","OpenStreetMap","https://www.openstreetmap.org/node/343594553"
343601638,13.0398944,77.6243107,"","signal","","","OpenStreetMap","https://www.openstreetmap.org/node/343601638"
347295433,12.9750703,77.5764108,"","signal","","","OpenStreetMap","https://www.openstreetmap.org/node/347295433"
347295554,12.9746331,77.5708033,"","","","","OpenStreetMap","https://www.openstreetmap.org/node/347295554"
348036175,12.9248465,77.6342272,"","","forward","","OpenStreetMap","https://www.openstreetmap.org/node/348036175"
355427675,12.9912525,77.6573283,"","signal","","","OpenStreetMap","https://www.openstreetmap.org/node/355427675"
355427677,12.9911340,77.6568584,"","signal","","","OpenStreetMap","https://www.openstreetmap.org/node/355427677"
355428774,12.9791928,77.6464567,"","signal","","","OpenStreetMap","https://www.openstreetmap.org/node/355428774"
364626139,12.9175360,77.5739762,"","signal","","","OpenStreetMap","https://www.openstreetmap.org/node/364626139"
374217275,13.0341380,77.5686006,"","","","","OpenStreetMap","https://www.openstreetmap.org/node/374217275"
374217314,13.0370077,77.5659978,"","signal","","traffic_signals","OpenStreetMap","https://www.openstreetmap.org/node/374217314"
388463959,12.8739746,77.5405639,"","","","","OpenStreetMap","https://www.openstreetmap.org/node/388463959"
410605177,13.0663680,77.6407745,"","","","","OpenStreetMap","https://www.openstreetmap.org/node/410605177"
412135152,12.9954000,77.6020780,"","","","","OpenStreetMap","https://www.openstreetmap.org/node/412135152"
416419153,13.0092971,77.6433987,"","","","","OpenStreetMap","https://www.openstreetmap.org/node/416419153"
419638217,13.0290733,77.5398700,"Gorguntepalaya Cross","","","","OpenStreetMap","https://www.openstreetmap.org/node/419638217"
419638282,13.0285308,77.5197034,"","","","","OpenStreetMap","https://www.openstreetmap.org/node/419638282"
426823702,13.0400737,77.5184224,"Jalahalli Cross","","","","OpenStreetMap","https://www.openstreetmap.org/node/426823702"
426835306,13.0171281,77.5605923,"","signal","","","OpenStreetMap","https://www.openstreetmap.org/node/426835306"
426962389,12.9969354,77.5730781,"","","","","OpenStreetMap","https://www.openstreetmap.org/node/426962389"
427531037,12.9919113,77.5754150,"","","","traffic_signals","OpenStreetMap","https://www.openstreetmap.org/node/427531037"
427593076,13.0036714,77.5699962,"","","","","OpenStreetMap","https://www.openstreetmap.org/node/427593076"
427593081,12.9992144,77.5713561,"","","","","OpenStreetMap","https://www.openstreetmap.org/node/427593081"
427593098,13.0056979,77.5637883,"","","","","OpenStreetMap","https://www.openstreetmap.org/node/427593098"
427593100,13.0036936,77.5653044,"","","","","OpenStreetMap","https://www.openstreetmap.org/node/427593100"
427593103,13.0056226,77.5667143,"","","","","OpenStreetMap","https://www.openstreetmap.org/node/427593103"
427593300,13.0036878,77.5667685,"","","","","OpenStreetMap","https://www.openstreetmap.org/node/427593300"
427593301,13.0055491,77.5681646,"","","","","OpenStreetMap","https://www.openstreetmap.org/node/427593301"
427593305,13.0054364,77.5712126,"","","","","OpenStreetMap","https://www.openstreetmap.org/node/427593305"
427593398,13.0036822,77.5681969,"","","","","OpenStreetMap","https://www.openstreetmap.org/node/427593398"
427594203,13.0185033,77.5579816,"","","","","OpenStreetMap","https://www.openstreetmap.org/node/427594203"
428420881,12.9718188,77.5939029,"","signal","","","OpenStreetMap","https://www.openstreetmap.org/node/428420881"
428435127,12.9649679,77.5966070,"","signal","","","OpenStreetMap","https://www.openstreetmap.org/node/428435127"
428457171,12.9538291,77.5914250,"","","","","OpenStreetMap","https://www.openstreetmap.org/node/428457171"
428457173,12.9555639,77.5922182,"","","","","OpenStreetMap","https://www.openstreetmap.org/node/428457173"
428853824,12.9806670,77.5768379,"","","","uncontrolled","OpenStreetMap","https://www.openstreetmap.org/node/428853824"
428853845,12.9797639,77.5817457,"","signal","","","OpenStreetMap","https://www.openstreetmap.org/node/428853845"
429001262,12.9638856,77.5850350,"","signal","","","OpenStreetMap","https://www.openstreetmap.org/node/429001262"
429001265,12.9655022,77.5866582,"","","","","OpenStreetMap","https://www.openstreetmap.org/node/429001265"
429230963,12.9669523,77.5872021,"","signal","forward","","OpenStreetMap","https://www.openstreetmap.org/node/429230963"
429286843,12.9752510,77.5486665,"","","","","OpenStreetMap","https://www.openstreetmap.org/node/429286843"
429726441,12.9688160,77.5680475,"","signal","","","OpenStreetMap","https://www.openstreetmap.org/node/429726441"
429731194,12.9530862,77.5735970,"","","","","OpenStreetMap","https://www.openstreetmap.org/node/429731194"
430043662,13.0101366,77.5905814,"","","","","OpenStreetMap","https://www.openstreetmap.org/node/430043662"
430127696,13.0430481,77.5900575,"","","","","OpenStreetMap","https://www.openstreetmap.org/node/430127696"
431524344,12.9817204,77.6284718,"","","","traffic_signals","OpenStreetMap","https://www.openstreetmap.org/node/431524344"
431530258,13.0356131,77.5536152,"","","","","OpenStreetMap","https://www.openstreetmap.org/node/431530258"
432501724,12.9841140,77.6407843,"","","","","OpenStreetMap","https://www.openstreetmap.org/node/432501724"
432501735,12.9867348,77.6479602,"","","","","OpenStreetMap","https://www.openstreetmap.org/node/432501735"
433833664,13.0666836,77.5032893,"","signal","","","OpenStreetMap","https://www.openstreetmap.org/node/433833664"
442107151,12.9970202,77.6700327,"","signal","","","OpenStreetMap","https://www.openstreetmap.org/node/442107151"
442107189,13.0050449,77.6850796,"","","","","OpenStreetMap","https://www.openstreetmap.org/node/442107189"
442438288,13.0199989,77.6744956,"","signal","","","OpenStreetMap","https://www.openstreetmap.org/node/442438288"
443224605,12.9352411,77.6243708,"","","","","OpenStreetMap","https://www.openstreetmap.org/node/443224605"
446782731,13.0190360,77.5397483,"","","","","OpenStreetMap","https://www.openstreetmap.org/node/446782731"
446860580,12.9880870,77.5375652,"","","","","OpenStreetMap","https://www.openstreetmap.org/node/446860580"
446860594,12.9875488,77.5542881,"","","","","OpenStreetMap","https://www.openstreetmap.org/node/446860594"
446860595,12.9899503,77.5544114,"","","","","OpenStreetMap","https://www.openstreetmap.org/node/446860595"
446860602,13.0044156,77.5536625,"","signal","","","OpenStreetMap","https://www.openstreetmap.org/node/446860602"
447113035,12.9687560,77.5367440,"","","","","OpenStreetMap","https://www.openstreetmap.org/node/447113035"
447113036,12.9688104,77.5365875,"","","","","OpenStreetMap","https://www.openstreetmap.org/node/447113036"
447114405,12.9708147,77.5249854,"","signal","","","OpenStreetMap","https://www.openstreetmap.org/node/447114405"
448116638,12.9901695,77.5507964,"","","","","OpenStreetMap","https://www.openstreetmap.org/node/448116638"
448116639,12.9900699,77.5505078,"","","","","OpenStreetMap","https://www.openstreetmap.org/node/448116639"
465232495,13.0015048,77.5945171,"","signal","","","OpenStreetMap","https://www.openstreetmap.org/node/465232495"
481750173,12.9899972,77.6547867,"","signal","","","OpenStreetMap","https://www.openstreetmap.org/node/481750173"
483412094,13.0250957,77.5111135,"","","","","OpenStreetMap","https://www.openstreetmap.org/node/483412094"
483412558,13.0164967,77.5056432,"","","","","OpenStreetMap","https://www.openstreetmap.org/node/483412558"
493493706,12.9481732,77.5741139,"","","","","OpenStreetMap","https://www.openstreetmap.org/node/493493706"
494238032,12.9205790,77.6000653,"Gurappana Palya Junction","","","","OpenStreetMap","https://www.openstreetmap.org/node/494238032"
494238035,12.9284072,77.6004325,"","","","traffic_signals","OpenStreetMap","https://www.openstreetmap.org/node/494238035"
494238044,12.9072862,77.6003264,"","signal","","","OpenStreetMap","https://www.openstreetmap.org/node/494238044"
494271080,12.9173238,77.6231607,"","","","","OpenStreetMap","https://www.openstreetmap.org/node/494271080"
494271099,12.9164652,77.6151308,"","","","","OpenStreetMap","https://www.openstreetmap.org/node/494271099"
494271106,12.9211388,77.6204844,"","","","","OpenStreetMap","https://www.openstreetmap.org/node/494271106"
503050615,12.9274069,77.6211127,"","","","","OpenStreetMap","https://www.openstreetmap.org/node/503050615"
503180914,12.9264741,77.5611722,"","signal","","","OpenStreetMap","https://www.openstreetmap.org/node/503180914"
512072644,13.1220704,77.6305434,"","signal","","","OpenStreetMap","https://www.openstreetmap.org/node/512072644"
512072658,13.1222083,77.6307811,"","signal","","","OpenStreetMap","https://www.openstreetmap.org/node/512072658"
514452399,12.9452272,77.5282455,"","","","","OpenStreetMap","https://www.openstreetmap.org/node/514452399"
560642468,12.9364154,77.5182360,"Rajarajeshwarinagara Gate","signal","","","OpenStreetMap","https://www.openstreetmap.org/node/560642468"
560654632,12.8927588,77.5989711,"","signal","","","OpenStreetMap","https://www.openstreetmap.org/node/560654632"
570758310,12.9642875,77.5699161,"Briand Square","","","","OpenStreetMap","https://www.openstreetmap.org/node/570758310"
571438265,13.0424606,77.5146845,"","signal","","","OpenStreetMap","https://www.openstreetmap.org/node/571438265"
574367083,13.0734435,77.5929851,"","","","","OpenStreetMap","https://www.openstreetmap.org/node/574367083"
574543671,13.0110014,77.5069451,"","signal","","","OpenStreetMap","https://www.openstreetmap.org/node/574543671"
582575956,13.0207682,77.5924649,"","signal","","","OpenStreetMap","https://www.openstreetmap.org/node/582575956"
599226700,13.0302840,77.6210440,"","signal","","","OpenStreetMap","https://www.openstreetmap.org/node/599226700"
618251411,12.8892466,77.6399474,"","","","traffic_signals","OpenStreetMap","https://www.openstreetmap.org/node/618251411"
618252032,12.9069175,77.6288825,"","","","","OpenStreetMap","https://www.openstreetmap.org/node/618252032"
650141249,12.9164748,77.6324310,"","","","","OpenStreetMap","https://www.openstreetmap.org/node/650141249"
650141450,12.9219722,77.6447993,"","","","","OpenStreetMap","https://www.openstreetmap.org/node/650141450"
650141554,12.9165984,77.6322048,"","","","","OpenStreetMap","https://www.openstreetmap.org/node/650141554"
663313890,12.9676142,77.5886919,"","signal","","","OpenStreetMap","https://www.openstreetmap.org/node/663313890"
663313897,12.9680525,77.5891250,"","signal","","","OpenStreetMap","https://www.openstreetmap.org/node/663313897"
679993212,12.9749427,77.5707721,"","signal","","","OpenStreetMap","https://www.openstreetmap.org/node/679993212"
699576768,12.9169544,77.5735873,"","signal","","","OpenStreetMap","https://www.openstreetmap.org/node/699576768"
699576776,12.9065768,77.5730753,"","","","","OpenStreetMap","https://www.openstreetmap.org/node/699576776"
699576794,12.9178047,77.5734508,"","","","","OpenStreetMap","https://www.openstreetmap.org/node/699576794"
699576806,12.9066385,77.5733265,"","","","","OpenStreetMap","https://www.openstreetmap.org/node/699576806"
699585158,12.9071971,77.6006303,"","signal","","","OpenStreetMap","https://www.openstreetmap.org/node/699585158"
699684258,12.9255408,77.5500917,"","","","","OpenStreetMap","https://www.openstreetmap.org/node/699684258"
699684299,12.9384949,77.5335195,"","","","","OpenStreetMap","https://www.openstreetmap.org/node/699684299"
699686049,12.9596673,77.5557221,"","","backward","","OpenStreetMap","https://www.openstreetmap.org/node/699686049"
699704164,12.9363437,77.5185663,"","","","","OpenStreetMap","https://www.openstreetmap.org/node/699704164"
699704182,12.9363084,77.5182544,"","","","","OpenStreetMap","https://www.openstreetmap.org/node/699704182"
699704288,12.9127956,77.4853760,"","","","","OpenStreetMap","https://www.openstreetmap.org/node/699704288"
701736119,13.0400432,77.5184589,"Jalahalli Cross","","","","OpenStreetMap","https://www.openstreetmap.org/node/701736119"
736014437,12.9701319,77.6412438,"Sony Centre Signal","","","","OpenStreetMap","https://www.openstreetmap.org/node/736014437"
736207271,12.9837700,77.6405417,"","","","","OpenStreetMap","https://www.openstreetmap.org/node/736207271"
736207419,12.9782230,77.6408226,"","","","","OpenStreetMap","https://www.openstreetmap.org/node/736207419"
774662327,13.0379678,77.5223197,"","signal","","","OpenStreetMap","https://www.openstreetmap.org/node/774662327"
858946512,13.0347707,77.5297388,"SRS","","","","OpenStreetMap","https://www.openstreetmap.org/node/858946512"
954175916,12.9921334,77.7155841,"","","","","OpenStreetMap","https://www.openstreetmap.org/node/954175916"
954914704,12.8794862,77.5455211,"","signal","","","OpenStreetMap","https://www.openstreetmap.org/node/954914704"
1054665120,13.0425321,77.5147035,"","signal","","","OpenStreetMap","https://www.openstreetmap.org/node/1054665120"
1054687502,12.9607291,77.5128016,"","","","","OpenStreetMap","https://www.openstreetmap.org/node/1054687502"
1054687612,12.9579142,77.5188872,"","","","","OpenStreetMap","https://www.openstreetmap.org/node/1054687612"
1067769827,12.9604237,77.6012676,"","signal","","","OpenStreetMap","https://www.openstreetmap.org/node/1067769827"
1067781019,12.9648288,77.5972953,"","signal","","","OpenStreetMap","https://www.openstreetmap.org/node/1067781019"
1067789523,12.9621229,77.5944602,"","","","","OpenStreetMap","https://www.openstreetmap.org/node/1067789523"
1070314190,12.9168029,77.5736797,"","signal","","","OpenStreetMap","https://www.openstreetmap.org/node/1070314190"
1070361732,12.9319553,77.6134110,"","","","","OpenStreetMap","https://www.openstreetmap.org/node/1070361732"
1070361799,12.9246425,77.6183237,"","","","","AND","https://www.openstreetmap.org/node/1070361799"
1083470977,12.9208738,77.6652688,"","","","traffic_signals","OpenStreetMap","https://www.openstreetmap.org/node/1083470977"
1087824452,12.9727661,77.5816763,"","signal","","","OpenStreetMap","https://www.openstreetmap.org/node/1087824452"
1104241030,12.9839487,77.7525664,"","","","","OpenStreetMap","https://www.openstreetmap.org/node/1104241030"
1104243944,12.9838490,77.7523143,"","","","","OpenStreetMap","https://www.openstreetmap.org/node/1104243944"
1109138335,12.9976301,77.5505308,"","","","","OpenStreetMap","https://www.openstreetmap.org/node/1109138335"
1109138343,12.9974797,77.5501793,"","","","","OpenStreetMap","https://www.openstreetmap.org/node/1109138343"
1111557424,12.9828585,77.5603304,"","","","","OpenStreetMap","https://www.openstreetmap.org/node/1111557424"
1111583828,12.9843364,77.5543687,"","","","","OpenStreetMap","https://www.openstreetmap.org/node/1111583828"
1145362952,12.9070942,77.4991442,"","","forward","","OpenStreetMap","https://www.openstreetmap.org/node/1145362952"
1148895344,12.9169237,77.5896425,"","traffic_lights","","","OpenStreetMap","https://www.openstreetmap.org/node/1148895344"
1212302913,12.9782143,77.6368516,"","","","","OpenStreetMap","https://www.openstreetmap.org/node/1212302913"
1213632636,12.9825502,77.6347280,"","","","","OpenStreetMap","https://www.openstreetmap.org/node/1213632636"
1232686144,12.9765226,77.5989941,"","signal","","","OpenStreetMap","https://www.openstreetmap.org/node/1232686144"
1259491784,12.9721697,77.7117412,"","signal","","","OpenStreetMap","https://www.openstreetmap.org/node/1259491784"
1282881326,12.9717707,77.6359780,"","","","","OpenStreetMap","https://www.openstreetmap.org/node/1282881326"
1285913198,12.9875172,77.5191767,"Sumanahalli Junction","","","","OpenStreetMap","https://www.openstreetmap.org/node/1285913198"
1285970581,12.9610477,77.5129035,"","","","","OpenStreetMap","https://www.openstreetmap.org/node/1285970581"
1285970595,12.9247495,77.4852963,"","signal","","","OpenStreetMap","https://www.openstreetmap.org/node/1285970595"
1290058657,12.9955206,77.6017655,"","","","","OpenStreetMap","https://www.openstreetmap.org/node/1290058657"
1331989759,12.9064115,77.5784876,"","signal","","","OpenStreetMap","https://www.openstreetmap.org/node/1331989759"
1347565273,12.9824368,77.7583489,"","","","","OpenStreetMap","https://www.openstreetmap.org/node/1347565273"
1368829017,12.9837283,77.7527373,"","","","","OpenStreetMap","https://www.openstreetmap.org/node/1368829017"
1404460897,12.9782903,77.6366011,"","","","","OpenStreetMap","https://www.openstreetmap.org/node/1404460897"
1404460899,12.9783626,77.6367655,"","","","","OpenStreetMap","https://www.openstreetmap.org/node/1404460899"
1404460918,12.9784181,77.6407099,"","","","","OpenStreetMap","https://www.openstreetmap.org/node/1404460918"
1419475678,12.8927681,77.5988361,"","signal","","","OpenStreetMap","https://www.openstreetmap.org/node/1419475678"
1420105790,12.9660019,77.6253419,"","","","","OpenStreetMap","https://www.openstreetmap.org/node/1420105790"
1442364461,12.9554114,77.6893304,"","","","","OpenStreetMap","https://www.openstreetmap.org/node/1442364461"
1447805104,12.9980708,77.5530419,"","","","","OpenStreetMap","https://www.openstreetmap.org/node/1447805104"
1454651894,12.9701048,77.6103998,"","signal","","","OpenStreetMap","https://www.openstreetmap.org/node/1454651894"
1460720463,12.9722464,77.6194793,"","signal","","","OpenStreetMap","https://www.openstreetmap.org/node/1460720463"
1464138167,12.9598409,77.6489796,"","","","","OpenStreetMap","https://www.openstreetmap.org/node/1464138167"
1464786119,12.9570041,77.7008214,"","signal","","","OpenStreetMap","https://www.openstreetmap.org/node/1464786119"
1465590369,12.9928395,77.6096307,"","signal","","","OpenStreetMap","https://www.openstreetmap.org/node/1465590369"
1466495041,12.9350964,77.5606731,"Vidyapita Circle","","","","OpenStreetMap","https://www.openstreetmap.org/node/1466495041"
1470833635,12.9772789,77.7510841,"","","","","OpenStreetMap","https://www.openstreetmap.org/node/1470833635"
1472269371,12.9318314,77.6134432,"","signal","","","OpenStreetMap","https://www.openstreetmap.org/node/1472269371"
1472878937,12.9157274,77.6381569,"","","forward","","OpenStreetMap","https://www.openstreetmap.org/node/1472878937"
1472879613,12.9163770,77.6324690,"","signal","","","OpenStreetMap","https://www.openstreetmap.org/node/1472879613"
1473972539,12.9481107,77.5680700,"","signal","","","OpenStreetMap","https://www.openstreetmap.org/node/1473972539"
1473972578,12.9476718,77.5680541,"","","","","OpenStreetMap","https://www.openstreetmap.org/node/1473972578"
1473972602,12.9477187,77.5676939,"","signal","","","OpenStreetMap","https://www.openstreetmap.org/node/1473972602"
1487973952,12.9356158,77.5130713,"","","","","OpenStreetMap","https://www.openstreetmap.org/node/1487973952"
1516426367,12.9872850,77.6191917,"","","","","OpenStreetMap","https://www.openstreetmap.org/node/1516426367"
1516426402,12.9867795,77.6194909,"","","","","OpenStreetMap","https://www.openstreetmap.org/node/1516426402"
1521036326,12.9948866,77.5550879,"","signal","","","OpenStreetMap","https://www.openstreetmap.org/node/1521036326"
1522519270,12.9406387,77.5736362,"","","","","OpenStreetMap","https://www.openstreetmap.org/node/1522519270"
1523537390,12.9841964,77.5969365,"","signal","","","OpenStreetMap","https://www.openstreetmap.org/node/1523537390"
1523569756,12.9766767,77.7272738,"","signal","","","OpenStreetMap","https://www.openstreetmap.org/node/1523569756"
1524489173,12.9783484,77.5425890,"","signal","","","OpenStreetMap","https://www.openstreetmap.org/node/1524489173"
1548748220,12.9681490,77.6002446,"","","","","OpenStreetMap","https://www.openstreetmap.org/node/1548748220"
1557291145,12.9669918,77.6112878,"","","","","OpenStreetMap","https://www.openstreetmap.org/node/1557291145"
1559350748,12.9573404,77.5733023,"","","","traffic_signals","OpenStreetMap","https://www.openstreetmap.org/node/1559350748"
1560168999,12.9806055,77.5746095,"","signal","","","OpenStreetMap","https://www.openstreetmap.org/node/1560168999"
1585678352,12.9763232,77.7270963,"","signal","","","OpenStreetMap","https://www.openstreetmap.org/node/1585678352"
1589590957,12.9937243,77.6074617,"","","","","OpenStreetMap","https://www.openstreetmap.org/node/1589590957"
1608973481,12.9237686,77.6401349,"","","","","OpenStreetMap","https://www.openstreetmap.org/node/1608973481"
1609661649,12.9239840,77.6397693,"","","","","OpenStreetMap","https://www.openstreetmap.org/node/1609661649"
1611272493,12.9675547,77.5889090,"","","","","OpenStreetMap","https://www.openstreetmap.org/node/1611272493"
1613152619,12.9072616,77.6289105,"","","","","OpenStreetMap","https://www.openstreetmap.org/node/1613152619"
1613154921,12.8942451,77.6366853,"","","","","OpenStreetMap","https://www.openstreetmap.org/node/1613154921"
1613154922,12.8944658,77.6367425,"","","","","OpenStreetMap","https://www.openstreetmap.org/node/1613154922"
1620344798,12.9315406,77.6224980,"","","","","OpenStreetMap","https://www.openstreetmap.org/node/1620344798"
1623700176,12.9482303,77.5678668,"","signal","","","OpenStreetMap","https://www.openstreetmap.org/node/1623700176"
1631443660,12.9891786,77.7267562,"","signal","","","OpenStreetMap","https://www.openstreetmap.org/node/1631443660"
1636623257,12.9806277,77.5748295,"","","forward","traffic_signals","OpenStreetMap","https://www.openstreetmap.org/node/1636623257"
1636820456,12.9801453,77.5711205,"","signal","forward","","OpenStreetMap","https://www.openstreetmap.org/node/1636820456"
1636820490,12.9799466,77.5709964,"","","forward","","OpenStreetMap","https://www.openstreetmap.org/node/1636820490"
1650305509,12.9768455,77.5992955,"","","","","OpenStreetMap","https://www.openstreetmap.org/node/1650305509"
1653906418,12.9161749,77.6382608,"","signal","","","OpenStreetMap","https://www.openstreetmap.org/node/1653906418"
1668866516,12.9638866,77.5767121,"","","","uncontrolled","OpenStreetMap","https://www.openstreetmap.org/node/1668866516"
1675239400,12.9374466,77.6268399,"Sony World Signal","signal","forward","","OpenStreetMap","https://www.openstreetmap.org/node/1675239400"
1698055256,12.9818429,77.6229962,"","signal","","","OpenStreetMap","https://www.openstreetmap.org/node/1698055256"
1719191867,12.9875190,77.5196648,"","","","","OpenStreetMap","https://www.openstreetmap.org/node/1719191867"
1726152644,12.9775854,77.5904870,"","signal","","","OpenStreetMap","https://www.openstreetmap.org/node/1726152644"
1732873704,12.9065044,77.5782584,"","signal","","","OpenStreetMap","https://www.openstreetmap.org/node/1732873704"
1775972263,12.9206601,77.6651968,"Iblur Junction","signal","forward","","OpenStreetMap","https://www.openstreetmap.org/node/1775972263"
1780288371,12.9543756,77.5441920,"","signal","","","OpenStreetMap","https://www.openstreetmap.org/node/1780288371"
1794666983,13.0258942,77.5207969,"","","","","OpenStreetMap","https://www.openstreetmap.org/node/1794666983"
1820411778,12.9750949,77.5525654,"","","","","OpenStreetMap","https://www.openstreetmap.org/node/1820411778"
1820423092,12.9758813,77.5645262,"","","","","OpenStreetMap","https://www.openstreetmap.org/node/1820423092"
1820431143,12.9739005,77.5496116,"","","","","OpenStreetMap","https://www.openstreetmap.org/node/1820431143"
1820431145,12.9749654,77.5481412,"","","","","OpenStreetMap","https://www.openstreetmap.org/node/1820431145"
1827247442,12.9205434,77.6652441,"","","forward","","OpenStreetMap","https://www.openstreetmap.org/node/1827247442"
1827480124,12.9021347,77.6011014,"","","","","OpenStreetMap","https://www.openstreetmap.org/node/1827480124"
1834315102,13.0188431,77.6557007,"","signal","","","OpenStreetMap","https://www.openstreetmap.org/node/1834315102"
1835344749,12.9126629,77.4850997,"","","","","OpenStreetMap","https://www.openstreetmap.org/node/1835344749"
1835344809,12.9155170,77.5695788,"","signal","","","OpenStreetMap","https://www.openstreetmap.org/node/1835344809"
1836940343,12.9605390,77.5716524,"","","","","OpenStreetMap","https://www.openstreetmap.org/node/1836940343"
1836982983,12.9281720,77.5462074,"","signal","","","OpenStreetMap","https://www.openstreetmap.org/node/1836982983"
1837005138,12.9240947,77.6286029,"","","","","OpenStreetMap","https://www.openstreetmap.org/node/1837005138"
1837297484,13.0083280,77.6958894,"","","","","OpenStreetMap","https://www.openstreetmap.org/node/1837297484"
1837297533,13.0170337,77.7045159,"","signal","","","OpenStreetMap","https://www.openstreetmap.org/node/1837297533"
1837297537,13.0171458,77.7044679,"","","","","OpenStreetMap","https://www.openstreetmap.org/node/1837297537"
1837297544,13.0192879,77.7085908,"","signal","","","OpenStreetMap","https://www.openstreetmap.org/node/1837297544"
1837297545,13.0193822,77.7085208,"","","","","OpenStreetMap","https://www.openstreetmap.org/node/1837297545"
1837297546,13.0194832,77.7084540,"","signal","","","OpenStreetMap","https://www.openstreetmap.org/node/1837297546"
1837297547,13.0195557,77.7084042,"","signal","","","OpenStreetMap","https://www.openstreetmap.org/node/1837297547"
1837378093,12.9306069,77.5472159,"","","","","OpenStreetMap","https://www.openstreetmap.org/node/1837378093"
1837378508,12.9747529,77.5486041,"","","","","OpenStreetMap","https://www.openstreetmap.org/node/1837378508"
1837445421,12.9752790,77.6081191,"","","","","OpenStreetMap","https://www.openstreetmap.org/node/1837445421"
1837445468,12.9808752,77.6100132,"","","","","OpenStreetMap","https://www.openstreetmap.org/node/1837445468"
1837595259,12.9779902,77.6067138,"","","","traffic_signals","OpenStreetMap","https://www.openstreetmap.org/node/1837595259"
1837693718,13.0286750,77.6637949,"","signal","","","OpenStreetMap","https://www.openstreetmap.org/node/1837693718"
1837716605,12.9532824,77.5737777,"","","","","OpenStreetMap","https://www.openstreetmap.org/node/1837716605"
1837716641,12.9575946,77.5738004,"","signal","","","OpenStreetMap","https://www.openstreetmap.org/node/1837716641"
1837757402,12.9483195,77.5768487,"","signal","","","OpenStreetMap","https://www.openstreetmap.org/node/1837757402"
1837783512,12.9751952,77.6143221,"","","","","OpenStreetMap","https://www.openstreetmap.org/node/1837783512"
1837783514,12.9754298,77.6142809,"","","","","OpenStreetMap","https://www.openstreetmap.org/node/1837783514"
1837783520,12.9762632,77.6148407,"","","","","OpenStreetMap","https://www.openstreetmap.org/node/1837783520"
1837823400,13.0010386,77.6118464,"","","","","OpenStreetMap","https://www.openstreetmap.org/node/1837823400"
1839764547,13.0003982,77.6763894,"","signal","","","OpenStreetMap","https://www.openstreetmap.org/node/1839764547"
1843585356,12.9873773,77.6193612,"","","","","OpenStreetMap","https://www.openstreetmap.org/node/1843585356"
1843612311,12.9955715,77.6164532,"","","","","OpenStreetMap","https://www.openstreetmap.org/node/1843612311"
1843612344,12.9956109,77.6168699,"","","","","OpenStreetMap","https://www.openstreetmap.org/node/1843612344"
1908194764,12.9602913,77.6015941,"","","","","OpenStreetMap","https://www.openstreetmap.org/node/1908194764"
1925410536,12.9611046,77.5880318,"","","","","OpenStreetMap","https://www.openstreetmap.org/node/1925410536"
1931853240,12.9675272,77.5450151,"","signal","","","OpenStreetMap","https://www.openstreetmap.org/node/1931853240"
1931866158,12.9758072,77.5644657,"","","","","OpenStreetMap","https://www.openstreetmap.org/node/1931866158"
1952787489,13.0455588,77.5563917,"","signal","","","OpenStreetMap","https://www.openstreetmap.org/node/1952787489"
1989699952,12.9938571,77.5852249,"","","","","OpenStreetMap","https://www.openstreetmap.org/node/1989699952"
1989699958,12.9931813,77.5850708,"","","","","OpenStreetMap","https://www.openstreetmap.org/node/1989699958"
1989700046,12.9938447,77.5849259,"Windsor Square","signal","","","OpenStreetMap","https://www.openstreetmap.org/node/1989700046"
2014710885,12.9844575,77.5719189,"","signal","","","OpenStreetMap","https://www.openstreetmap.org/node/2014710885"
2014710915,12.9844920,77.5723829,"","signal","","","OpenStreetMap","https://www.openstreetmap.org/node/2014710915"
2014710929,12.9852023,77.5720997,"","signal","","","OpenStreetMap","https://www.openstreetmap.org/node/2014710929"
2014710951,12.9849073,77.5721485,"","signal","","","OpenStreetMap","https://www.openstreetmap.org/node/2014710951"
2014710968,12.9845988,77.5722347,"","signal","","","OpenStreetMap","https://www.openstreetmap.org/node/2014710968"
2014870742,12.9307629,77.5860545,"","signal","","","OpenStreetMap","https://www.openstreetmap.org/node/2014870742"
2123555481,12.9295234,77.6155636,"","","","","OpenStreetMap","https://www.openstreetmap.org/node/2123555481"
2124745502,13.1223335,77.6305338,"","signal","","","OpenStreetMap","https://www.openstreetmap.org/node/2124745502"
2124745542,13.1222587,77.6303079,"","signal","","","OpenStreetMap","https://www.openstreetmap.org/node/2124745542"
2125916065,13.0368318,77.6407645,"","signal","","","OpenStreetMap","https://www.openstreetmap.org/node/2125916065"
2125916087,13.0395254,77.6416555,"","","","","OpenStreetMap","https://www.openstreetmap.org/node/2125916087"
2221301505,12.9573790,77.5521321,"","signal","","","OpenStreetMap","https://www.openstreetmap.org/node/2221301505"
2224183005,12.9382696,77.5333355,"","","","","OpenStreetMap","https://www.openstreetmap.org/node/2224183005"
2268179269,12.9662057,77.6250413,"","","","","OpenStreetMap","https://www.openstreetmap.org/node/2268179269"
2300032317,13.1147070,77.5789749,"Anantapura Gate","signal","","","OpenStreetMap","https://www.openstreetmap.org/node/2300032317"
2334208112,12.9530285,77.5416056,"","signal","","","OpenStreetMap","https://www.openstreetmap.org/node/2334208112"
2382016055,12.9831374,77.5956513,"","","","","OpenStreetMap","https://www.openstreetmap.org/node/2382016055"
2386067856,12.9833185,77.5960121,"","","","","OpenStreetMap","https://www.openstreetmap.org/node/2386067856"
2387127870,12.9240075,77.6517361,"","signal","forward","","OpenStreetMap","https://www.openstreetmap.org/node/2387127870"
2387385680,12.9246483,77.6499056,"","","forward","","OpenStreetMap","https://www.openstreetmap.org/node/2387385680"
2402241110,12.9451458,77.5277866,"","signal","","","OpenStreetMap","https://www.openstreetmap.org/node/2402241110"
2406980229,12.9566750,77.7009299,"","signal","","","OpenStreetMap","https://www.openstreetmap.org/node/2406980229"
2408586316,13.0433929,77.5907819,"","signal","","","OpenStreetMap","https://www.openstreetmap.org/node/2408586316"
2416186869,12.8950657,77.5549680,"","","","","OpenStreetMap","https://www.openstreetmap.org/node/2416186869"
2446005983,13.0436084,77.5614265,"","","","","OpenStreetMap","https://www.openstreetmap.org/node/2446005983"
2447233119,13.0815132,77.5483393,"","signal","","","OpenStreetMap","https://www.openstreetmap.org/node/2447233119"
2447233120,13.0815752,77.5482279,"","signal","","","OpenStreetMap","https://www.openstreetmap.org/node/2447233120"
2447233122,13.0816800,77.5482495,"","signal","","","OpenStreetMap","https://www.openstreetmap.org/node/2447233122"
2447233127,13.0816898,77.5483847,"","signal","","","OpenStreetMap","https://www.openstreetmap.org/node/2447233127"
2447233128,13.0816038,77.5484245,"","signal","","","OpenStreetMap","https://www.openstreetmap.org/node/2447233128"
2447233134,13.0817040,77.5482869,"","signal","","","OpenStreetMap","https://www.openstreetmap.org/node/2447233134"
2450076422,13.0458006,77.5566184,"","","","","OpenStreetMap","https://www.openstreetmap.org/node/2450076422"
2451336631,13.0953061,77.5942859,"","signal","","","OpenStreetMap","https://www.openstreetmap.org/node/2451336631"
2451336634,13.1037498,77.6000901,"Kogilu Cross","","","","OpenStreetMap","https://www.openstreetmap.org/node/2451336634"
2455311260,13.1149996,77.5789662,"","signal","","","OpenStreetMap","https://www.openstreetmap.org/node/2455311260"
2460236929,13.0675577,77.6337558,"","","","","OpenStreetMap","https://www.openstreetmap.org/node/2460236929"
2462936984,12.9845660,77.5972588,"","signal","","","OpenStreetMap","https://www.openstreetmap.org/node/2462936984"
2473230014,13.0091599,77.6433951,"","","","","OpenStreetMap","https://www.openstreetmap.org/node/2473230014"
2513553543,12.9064718,77.5950891,"","","","","OpenStreetMap","https://www.openstreetmap.org/node/2513553543"
2572573442,13.0434164,77.5612012,"","","","","OpenStreetMap","https://www.openstreetmap.org/node/2572573442"
2578344267,13.0435207,77.5569382,"","","","","OpenStreetMap","https://www.openstreetmap.org/node/2578344267"
2694706128,12.9738793,77.6139898,"","signal","","","OpenStreetMap","https://www.openstreetmap.org/node/2694706128"
2703669937,13.0141095,77.5655377,"","","","","OpenStreetMap","https://www.openstreetmap.org/node/2703669937"
2703669945,13.0148328,77.5728327,"","signal","","","OpenStreetMap","https://www.openstreetmap.org/node/2703669945"
2890442001,12.9644020,77.6067124,"","","","","OpenStreetMap","https://www.openstreetmap.org/node/2890442001"
2971089260,12.9174509,77.6227954,"","","","","OpenStreetMap","https://www.openstreetmap.org/node/2971089260"
2999494951,12.9716577,77.6195948,"","","","","OpenStreetMap","https://www.openstreetmap.org/node/2999494951"
2999530964,12.9713821,77.6195285,"","signal","","","OpenStreetMap","https://www.openstreetmap.org/node/2999530964"
2999530965,12.9685126,77.6140539,"","signal","","","OpenStreetMap","https://www.openstreetmap.org/node/2999530965"
2999607461,12.9669099,77.6205972,"","signal","","","OpenStreetMap","https://www.openstreetmap.org/node/2999607461"
3170035580,12.9726436,77.6203289,"","signal","","","OpenStreetMap","https://www.openstreetmap.org/node/3170035580"
3170035581,12.9725667,77.6196368,"","signal","","","OpenStreetMap","https://www.openstreetmap.org/node/3170035581"
3170035583,12.9727701,77.6199926,"","","","","OpenStreetMap","https://www.openstreetmap.org/node/3170035583"
3191039329,13.0041187,77.6197260,"","signal","","","OpenStreetMap","https://www.openstreetmap.org/node/3191039329"
3242486429,12.9233296,77.5760183,"","signal","","","OpenStreetMap","https://www.openstreetmap.org/node/3242486429"
3268824710,12.9650689,77.6099455,"","","","","OpenStreetMap","https://www.openstreetmap.org/node/3268824710"
3304182907,12.9817425,77.6286922,"","signal","","","OpenStreetMap","https://www.openstreetmap.org/node/3304182907"
3304182912,12.9817896,77.6284605,"","","","traffic_signals","OpenStreetMap","https://www.openstreetmap.org/node/3304182912"
3305876069,12.9765063,77.6020105,"","signal","","","OpenStreetMap","https://www.openstreetmap.org/node/3305876069"
3305876073,12.9791434,77.6025839,"","","","","OpenStreetMap","https://www.openstreetmap.org/node/3305876073"
3311165099,12.9298628,77.6842918,"","","","","OpenStreetMap","https://www.openstreetmap.org/node/3311165099"
3314362622,12.9615791,77.7477258,"","","","","OpenStreetMap","https://www.openstreetmap.org/node/3314362622"
3342156305,13.0020647,77.6121555,"","","","","OpenStreetMap","https://www.openstreetmap.org/node/3342156305"
3352035441,12.9828791,77.6374502,"","","","","OpenStreetMap","https://www.openstreetmap.org/node/3352035441"
3356003439,12.9480638,77.5736714,"","","","","OpenStreetMap","https://www.openstreetmap.org/node/3356003439"
3356003440,12.9483685,77.5735362,"","","","","OpenStreetMap","https://www.openstreetmap.org/node/3356003440"
3370456514,12.9688680,77.6478925,"","","forward","","OpenStreetMap","https://www.openstreetmap.org/node/3370456514"
3370456522,12.9787067,77.6466325,"","","","","OpenStreetMap","https://www.openstreetmap.org/node/3370456522"
3370456523,12.9786193,77.6464966,"","","","","OpenStreetMap","https://www.openstreetmap.org/node/3370456523"
3370456524,12.9793487,77.6464929,"","signal","","","OpenStreetMap","https://www.openstreetmap.org/node/3370456524"
3370456536,12.9857557,77.6452204,"","","","","OpenStreetMap","https://www.openstreetmap.org/node/3370456536"
3399083525,12.9357750,77.6153649,"","signal","","","OpenStreetMap","https://www.openstreetmap.org/node/3399083525"
3530630455,12.9633712,77.6418156,"","","","","OpenStreetMap","https://www.openstreetmap.org/node/3530630455"
3659483616,13.0192615,77.6558113,"","signal","","","OpenStreetMap","https://www.openstreetmap.org/node/3659483616"
3664134386,12.9674905,77.5451089,"","signal","","","OpenStreetMap","https://www.openstreetmap.org/node/3664134386"
3676182371,13.0097920,77.5907195,"","","","","OpenStreetMap","https://www.openstreetmap.org/node/3676182371"
3676182395,13.0144958,77.5843342,"","","","","OpenStreetMap","https://www.openstreetmap.org/node/3676182395"
3676198961,12.9843485,77.5823624,"","signal","","","OpenStreetMap","https://www.openstreetmap.org/node/3676198961"
3677919903,12.9319484,77.6137122,"","signal","","","OpenStreetMap","https://www.openstreetmap.org/node/3677919903"
3730964461,12.9749275,77.6254093,"","","","","OpenStreetMap","https://www.openstreetmap.org/node/3730964461"
3740957808,12.9398042,77.6253216,"","signal","","","OpenStreetMap","https://www.openstreetmap.org/node/3740957808"
3740957817,12.9423591,77.6228777,"","","","","OpenStreetMap","https://www.openstreetmap.org/node/3740957817"
3740957818,12.9424494,77.6225928,"","","","","OpenStreetMap","https://www.openstreetmap.org/node/3740957818"
3740962156,12.9524384,77.6201616,"","","","","OpenStreetMap","https://www.openstreetmap.org/node/3740962156"
3751677693,12.9861498,77.5897370,"","signal","","","OpenStreetMap","https://www.openstreetmap.org/node/3751677693"
3755576616,12.9803996,77.5709223,"","signal","","","OpenStreetMap","https://www.openstreetmap.org/node/3755576616"
3770161990,12.9606189,77.5716383,"","signal","","","OpenStreetMap","https://www.openstreetmap.org/node/3770161990"
3780895950,12.9594525,77.6540357,"","","","","OpenStreetMap","https://www.openstreetmap.org/node/3780895950"
3780895951,12.9593266,77.6543745,"","","","","OpenStreetMap","https://www.openstreetmap.org/node/3780895951"
3801688125,12.9342983,77.6297442,"","","","","OpenStreetMap","https://www.openstreetmap.org/node/3801688125"
3801688126,12.9345563,77.6295950,"","","","","OpenStreetMap","https://www.openstreetmap.org/node/3801688126"
3801692788,12.9371207,77.6270122,"","signal","forward","","OpenStreetMap","https://www.openstreetmap.org/node/3801692788"
3801692790,12.9372333,77.6268138,"Sony World Signal","signal","forward","","OpenStreetMap","https://www.openstreetmap.org/node/3801692790"
3803149236,12.9613474,77.6359899,"","signal","","","OpenStreetMap","https://www.openstreetmap.org/node/3803149236"
3803149238,12.9614881,77.6357898,"","","","","OpenStreetMap","https://www.openstreetmap.org/node/3803149238"
3805003789,12.9169462,77.6228375,"","signal","","","OpenStreetMap","https://www.openstreetmap.org/node/3805003789"
3806218133,12.9610338,77.6385681,"","","","","OpenStreetMap","https://www.openstreetmap.org/node/3806218133"
3833983041,13.0451875,77.5073485,"","","","","OpenStreetMap","https://www.openstreetmap.org/node/3833983041"
3856885384,13.0455631,77.5074436,"","signal","","","OpenStreetMap","https://www.openstreetmap.org/node/3856885384"
3919859765,12.9967511,77.5695670,"","","","","OpenStreetMap","https://www.openstreetmap.org/node/3919859765"
3919859801,12.9982560,77.5529207,"","signal","","","OpenStreetMap","https://www.openstreetmap.org/node/3919859801"
3919864571,12.9976388,77.5500293,"","","","","OpenStreetMap","https://www.openstreetmap.org/node/3919864571"
3919864572,12.9978642,77.5503836,"","","","","OpenStreetMap","https://www.openstreetmap.org/node/3919864572"
3980460302,12.9747301,77.6199524,"","","","","OpenStreetMap","https://www.openstreetmap.org/node/3980460302"
3982070777,12.9881200,77.5121299,"","","","","OpenStreetMap","https://www.openstreetmap.org/node/3982070777"
4030004341,12.9937568,77.5955811,"","","","","OpenStreetMap","https://www.openstreetmap.org/node/4030004341"
4030321893,12.9907310,77.5994505,"","signal","","","OpenStreetMap","https://www.openstreetmap.org/node/4030321893"
4044110261,12.9650370,77.6099001,"","","","","OpenStreetMap","https://www.openstreetmap.org/node/4044110261"
4044110267,12.9651727,77.6176955,"","","","","OpenStreetMap","https://www.openstreetmap.org/node/4044110267"
4044263598,12.9744669,77.6110102,"","","","","OpenStreetMap","https://www.openstreetmap.org/node/4044263598"
4044263599,12.9742918,77.6112676,"","signal","","","OpenStreetMap","https://www.openstreetmap.org/node/4044263599"
4058219853,12.9933787,77.5955640,"","","","","OpenStreetMap","https://www.openstreetmap.org/node/4058219853"
4058219855,12.9933190,77.5959281,"","","","","OpenStreetMap","https://www.openstreetmap.org/node/4058219855"
4058224571,12.9869098,77.5886234,"","signal","","","OpenStreetMap","https://www.openstreetmap.org/node/4058224571"
4058224812,12.9719671,77.5941343,"","signal","","","OpenStreetMap","https://www.openstreetmap.org/node/4058224812"
4058224830,12.9720628,77.5941604,"","","","","OpenStreetMap","https://www.openstreetmap.org/node/4058224830"
4127931099,12.9482396,77.5767750,"","signal","","","OpenStreetMap","https://www.openstreetmap.org/node/4127931099"
4127931100,12.9482396,77.5768488,"","signal","","","OpenStreetMap","https://www.openstreetmap.org/node/4127931100"
4161839915,12.9276546,77.6207680,"","","","","OpenStreetMap","https://www.openstreetmap.org/node/4161839915"
4393134092,13.0039059,77.5494412,"","signal","","","OpenStreetMap","https://www.openstreetmap.org/node/4393134092"
4406882464,12.9168000,77.6101285,"","","","","OpenStreetMap","https://www.openstreetmap.org/node/4406882464"
4445274988,12.9186953,77.6855476,"","signal","forward","","OpenStreetMap","https://www.openstreetmap.org/node/4445274988"
4465530917,12.9569136,77.7009594,"","signal","","","OpenStreetMap","https://www.openstreetmap.org/node/4465530917"
4490333425,12.9297056,77.6331099,"","signal","","","OpenStreetMap","https://www.openstreetmap.org/node/4490333425"
4582284826,12.9177361,77.5735900,"","","","","OpenStreetMap","https://www.openstreetmap.org/node/4582284826"
4614143317,12.9063126,77.5732216,"","signal","","","OpenStreetMap","https://www.openstreetmap.org/node/4614143317"
4692270064,12.9166275,77.6099779,"","","","","OpenStreetMap","https://www.openstreetmap.org/node/4692270064"
4692270065,12.9164100,77.6100478,"","","","","OpenStreetMap","https://www.openstreetmap.org/node/4692270065"
4692270067,12.9140086,77.6100370,"","","","","OpenStreetMap","https://www.openstreetmap.org/node/4692270067"
4692323186,12.9878098,77.5122099,"","","","","OpenStreetMap","https://www.openstreetmap.org/node/4692323186"
4692323187,12.9879026,77.5125873,"","","","","OpenStreetMap","https://www.openstreetmap.org/node/4692323187"
4692331556,12.9870776,77.5191772,"Sumanahalli Junction","","","","OpenStreetMap","https://www.openstreetmap.org/node/4692331556"
4696742622,12.9784564,77.5426989,"","signal","","","OpenStreetMap","https://www.openstreetmap.org/node/4696742622"
4703140386,12.9209276,77.6202958,"","","","","OpenStreetMap","https://www.openstreetmap.org/node/4703140386"
4703663956,12.9949102,77.5551716,"","signal","","","OpenStreetMap","https://www.openstreetmap.org/node/4703663956"
4703663964,12.9982024,77.5531939,"","signal","","","OpenStreetMap","https://www.openstreetmap.org/node/4703663964"
4703697696,12.9758723,77.5643949,"","","","","OpenStreetMap","https://www.openstreetmap.org/node/4703697696"
4703745962,12.9666992,77.6616405,"","","","","OpenStreetMap","https://www.openstreetmap.org/node/4703745962"
4792982257,12.9520291,77.4995737,"","","","","OpenStreetMap","https://www.openstreetmap.org/node/4792982257"
4798470947,12.9608478,77.5124806,"","","","","OpenStreetMap","https://www.openstreetmap.org/node/4798470947"
4798470955,12.9604572,77.5042836,"","","","","OpenStreetMap","https://www.openstreetmap.org/node/4798470955"
4798470956,12.9604312,77.5043336,"","","","","OpenStreetMap","https://www.openstreetmap.org/node/4798470956"
4813269388,12.9246881,77.4852147,"Hoysala Circle","signal","","","OpenStreetMap","https://www.openstreetmap.org/node/4813269388"
4814847103,12.9610932,77.5131021,"","","","","OpenStreetMap","https://www.openstreetmap.org/node/4814847103"
4824686444,12.9553619,77.6896081,"","","","","OpenStreetMap","https://www.openstreetmap.org/node/4824686444"
4824730263,13.0040949,77.5493184,"","signal","forward","","OpenStreetMap","https://www.openstreetmap.org/node/4824730263"
4829061654,12.9365797,77.5753604,"","","","","OpenStreetMap","https://www.openstreetmap.org/node/4829061654"
4829124449,12.9435458,77.5799890,"","signal","","","OpenStreetMap","https://www.openstreetmap.org/node/4829124449"
4829190603,12.9364660,77.5803092,"","","","","OpenStreetMap","https://www.openstreetmap.org/node/4829190603"
4830093913,12.9391503,77.5715098,"","","","","OpenStreetMap","https://www.openstreetmap.org/node/4830093913"
4839770850,12.9162611,77.6151746,"","","","","OpenStreetMap","https://www.openstreetmap.org/node/4839770850"
4843481807,13.0376885,77.5222791,"","signal","","","OpenStreetMap","https://www.openstreetmap.org/node/4843481807"
4843481808,13.0378545,77.5223884,"","signal","","","OpenStreetMap","https://www.openstreetmap.org/node/4843481808"
4843481809,13.0379108,77.5224241,"","signal","","","OpenStreetMap","https://www.openstreetmap.org/node/4843481809"
4843481817,13.0377403,77.5221843,"","signal","","","OpenStreetMap","https://www.openstreetmap.org/node/4843481817"
4843481818,13.0379095,77.5222885,"","signal","","","OpenStreetMap","https://www.openstreetmap.org/node/4843481818"
4843631313,12.9519705,77.4998542,"","signal","","","OpenStreetMap","https://www.openstreetmap.org/node/4843631313"
4845178133,12.9441815,77.6076040,"","signal","","","OpenStreetMap","https://www.openstreetmap.org/node/4845178133"
4867634826,12.9294146,77.5736748,"","signal","","","OpenStreetMap","https://www.openstreetmap.org/node/4867634826"
4867634836,12.9235158,77.5737275,"","","","","OpenStreetMap","https://www.openstreetmap.org/node/4867634836"
4867634840,12.9211576,77.5735941,"","","","","OpenStreetMap","https://www.openstreetmap.org/node/4867634840"
4867659906,12.9209710,77.5736610,"","","","","OpenStreetMap","https://www.openstreetmap.org/node/4867659906"
4867659916,12.9236898,77.5736159,"","","","","OpenStreetMap","https://www.openstreetmap.org/node/4867659916"
4867659917,12.9236008,77.5734793,"","","","","OpenStreetMap","https://www.openstreetmap.org/node/4867659917"
4872113219,12.9264594,77.5612493,"","signal","","","OpenStreetMap","https://www.openstreetmap.org/node/4872113219"
4872132537,12.9155276,77.5696524,"","signal","","","OpenStreetMap","https://www.openstreetmap.org/node/4872132537"
4903183638,12.9674833,77.6113958,"","","","","OpenStreetMap","https://www.openstreetmap.org/node/4903183638"
4912560032,13.0045175,77.5538815,"","signal","","","OpenStreetMap","https://www.openstreetmap.org/node/4912560032"
4912560047,12.9983441,77.5530431,"","signal","","","OpenStreetMap","https://www.openstreetmap.org/node/4912560047"
5281839993,12.9824943,77.7581178,"","","","","OpenStreetMap","https://www.openstreetmap.org/node/5281839993"
5346743612,12.9445573,77.6028191,"","","","","OpenStreetMap","https://www.openstreetmap.org/node/5346743612"
5346843765,12.9283242,77.6004298,"","","","traffic_signals","OpenStreetMap","https://www.openstreetmap.org/node/5346843765"
5346843768,12.9283750,77.5972149,"","signal","","","OpenStreetMap","https://www.openstreetmap.org/node/5346843768"
5346843769,12.9283763,77.5971385,"","signal","","","OpenStreetMap","https://www.openstreetmap.org/node/5346843769"
5346843788,12.9171610,77.5894331,"","","","","OpenStreetMap","https://www.openstreetmap.org/node/5346843788"
5354313548,12.9101641,77.5932548,"","","","","OpenStreetMap","https://www.openstreetmap.org/node/5354313548"
5354313587,12.9101695,77.5951611,"","","","","OpenStreetMap","https://www.openstreetmap.org/node/5354313587"
5354313589,12.9103882,77.5952150,"","","","","OpenStreetMap","https://www.openstreetmap.org/node/5354313589"
5354313590,12.9102827,77.5950777,"","","","","OpenStreetMap","https://www.openstreetmap.org/node/5354313590"
5354313604,12.9167021,77.5950388,"","","","","OpenStreetMap","https://www.openstreetmap.org/node/5354313604"
5372295313,12.9846845,77.5823365,"","","","","OpenStreetMap","https://www.openstreetmap.org/node/5372295313"
5372340500,12.9209797,77.6659262,"","","","","OpenStreetMap","https://www.openstreetmap.org/node/5372340500"
5389437924,12.9299326,77.6331716,"","signal","","","OpenStreetMap","https://www.openstreetmap.org/node/5389437924"
5392852814,13.0369592,77.5659323,"","signal","","traffic_signals","OpenStreetMap","https://www.openstreetmap.org/node/5392852814"
5558663806,12.9862701,77.5887585,"","signal","","","OpenStreetMap","https://www.openstreetmap.org/node/5558663806"
5558684112,12.9979266,77.5510346,"","","","","OpenStreetMap","https://www.openstreetmap.org/node/5558684112"
5558684129,12.9786698,77.5731925,"","signal","","","OpenStreetMap","https://www.openstreetmap.org/node/5558684129"
5778431791,12.9244217,77.6503668,"","","forward","","OpenStreetMap","https://www.openstreetmap.org/node/5778431791"
5942550424,12.9248418,77.6334583,"","junction","forward","","OpenStreetMap","https://www.openstreetmap.org/node/5942550424"
5942550425,12.9251326,77.6336178,"","junction","forward","","OpenStreetMap","https://www.openstreetmap.org/node/5942550425"
5966255495,13.0675878,77.6335278,"","","","","OpenStreetMap","https://www.openstreetmap.org/node/5966255495"
6033543910,13.0379385,77.5218220,"","signal","","","OpenStreetMap","https://www.openstreetmap.org/node/6033543910"
6033543943,13.0422722,77.5146345,"","signal","","","OpenStreetMap","https://www.openstreetmap.org/node/6033543943"
6130580752,13.0529557,77.6461605,"","","","","OpenStreetMap","https://www.openstreetmap.org/node/6130580752"
6131746732,13.1036285,77.6006481,"","","","","OpenStreetMap","https://www.openstreetmap.org/node/6131746732"
6142618373,13.0443433,77.6263080,"","signal","","","OpenStreetMap","https://www.openstreetmap.org/node/6142618373"
6142618374,13.0442829,77.6263794,"","signal","","","OpenStreetMap","https://www.openstreetmap.org/node/6142618374"
6144112170,12.9355069,77.5129960,"","","","","OpenStreetMap","https://www.openstreetmap.org/node/6144112170"
6197117882,13.0345791,77.6228196,"","signal","","","OpenStreetMap","https://www.openstreetmap.org/node/6197117882"
6341774847,12.9760152,77.6201782,"","signal","","","OpenStreetMap","https://www.openstreetmap.org/node/6341774847"
6341774848,12.9763510,77.6203084,"","signal","","","OpenStreetMap","https://www.openstreetmap.org/node/6341774848"
6341774849,12.9756683,77.6202451,"","signal","","","OpenStreetMap","https://www.openstreetmap.org/node/6341774849"
6421171389,12.9662487,77.6068671,"","signal","","","OpenStreetMap","https://www.openstreetmap.org/node/6421171389"
6457608221,13.0014697,77.5943951,"","signal","","","OpenStreetMap","https://www.openstreetmap.org/node/6457608221"
6460998310,12.9635851,77.5849613,"","signal","","","OpenStreetMap","https://www.openstreetmap.org/node/6460998310"
6478194285,13.0438281,77.5609399,"","","","","OpenStreetMap","https://www.openstreetmap.org/node/6478194285"
6528476365,12.9398742,77.6255411,"","signal","","","OpenStreetMap","https://www.openstreetmap.org/node/6528476365"
6536640226,12.9396995,77.6254463,"","signal","","","OpenStreetMap","https://www.openstreetmap.org/node/6536640226"
6681243367,12.9287775,77.5662730,"","signal","","","OpenStreetMap","https://www.openstreetmap.org/node/6681243367"
6852266946,12.9216826,77.5601313,"","","","","OpenStreetMap","https://www.openstreetmap.org/node/6852266946"
6885082495,12.9163150,77.6322941,"","signal","","","OpenStreetMap","https://www.openstreetmap.org/node/6885082495"
6901338036,12.9061811,77.5951682,"","","","","OpenStreetMap","https://www.openstreetmap.org/node/6901338036"
6901551440,12.9829593,77.6374258,"","","","","OpenStreetMap","https://www.openstreetmap.org/node/6901551440"
6904207706,12.9302875,77.5433580,"","signal","forward","","OpenStreetMap","https://www.openstreetmap.org/node/6904207706"
6904207726,12.9302806,77.5435386,"","signal","","","OpenStreetMap","https://www.openstreetmap.org/node/6904207726"
6904892124,12.9850983,77.5720638,"","signal","","","OpenStreetMap","https://www.openstreetmap.org/node/6904892124"
6932109139,12.9364416,77.5185469,"","signal","","","OpenStreetMap","https://www.openstreetmap.org/node/6932109139"
6949633168,13.0014174,77.5944124,"","signal","","","OpenStreetMap","https://www.openstreetmap.org/node/6949633168"
6949633169,13.0014563,77.5945315,"","signal","","","OpenStreetMap","https://www.openstreetmap.org/node/6949633169"
7100612878,12.9584109,77.5187540,"","signal","","","OpenStreetMap","https://www.openstreetmap.org/node/7100612878"
7132495604,12.9649462,77.5972439,"","","","","OpenStreetMap","https://www.openstreetmap.org/node/7132495604"
7164445939,12.9611819,77.5592119,"","signal","","","OpenStreetMap","https://www.openstreetmap.org/node/7164445939"
7172895621,13.0396028,77.6415245,"","","","","OpenStreetMap","https://www.openstreetmap.org/node/7172895621"
7172895628,13.0395366,77.6413177,"","","","","OpenStreetMap","https://www.openstreetmap.org/node/7172895628"
7180450199,12.9294684,77.5736757,"","signal","","","OpenStreetMap","https://www.openstreetmap.org/node/7180450199"
7228151804,13.0436301,77.5571499,"","signal","","","OpenStreetMap","https://www.openstreetmap.org/node/7228151804"
7228151805,13.0440493,77.5570506,"","signal","","","OpenStreetMap","https://www.openstreetmap.org/node/7228151805"
7235029649,13.0250670,77.5930392,"","","","","OpenStreetMap","https://www.openstreetmap.org/node/7235029649"
7257695672,13.0146854,77.5725927,"","signal","","","OpenStreetMap","https://www.openstreetmap.org/node/7257695672"
7265495336,12.9298394,77.6329605,"","signal","","","OpenStreetMap","https://www.openstreetmap.org/node/7265495336"
7276500322,12.9843822,77.5822694,"","signal","","","OpenStreetMap","https://www.openstreetmap.org/node/7276500322"
7280461398,13.0054785,77.5933823,"","","","","OpenStreetMap","https://www.openstreetmap.org/node/7280461398"
7287467677,12.9236128,77.5763821,"","","","","OpenStreetMap","https://www.openstreetmap.org/node/7287467677"
7287571767,12.9166344,77.5968525,"","","backward","","OpenStreetMap","https://www.openstreetmap.org/node/7287571767"
7287571768,12.9169701,77.5950759,"","","","","OpenStreetMap","https://www.openstreetmap.org/node/7287571768"
7287984425,12.9308255,77.5761330,"","signal","","","OpenStreetMap","https://www.openstreetmap.org/node/7287984425"
7287984426,12.9308245,77.5762084,"","signal","","","OpenStreetMap","https://www.openstreetmap.org/node/7287984426"
7287984441,12.9309086,77.5761017,"","signal","","","OpenStreetMap","https://www.openstreetmap.org/node/7287984441"
7287984471,12.9235541,77.5761162,"","signal","","","OpenStreetMap","https://www.openstreetmap.org/node/7287984471"
7287984479,12.9209145,77.5743412,"","","","","OpenStreetMap","https://www.openstreetmap.org/node/7287984479"
7289130033,12.9246736,77.4852728,"","signal","","","OpenStreetMap","https://www.openstreetmap.org/node/7289130033"
7290547276,12.9308190,77.5837206,"","signal","","","OpenStreetMap","https://www.openstreetmap.org/node/7290547276"
7290547278,12.9328967,77.5840598,"","","","","OpenStreetMap","https://www.openstreetmap.org/node/7290547278"
7290764570,12.9284540,77.5971407,"","signal","","","OpenStreetMap","https://www.openstreetmap.org/node/7290764570"
7291335557,12.9283223,77.6005903,"","signal","","","OpenStreetMap","https://www.openstreetmap.org/node/7291335557"
7291578193,12.8895987,77.5633357,"","","","","OpenStreetMap","https://www.openstreetmap.org/node/7291578193"
7358777736,12.9071443,77.4990509,"","","forward","","OpenStreetMap","https://www.openstreetmap.org/node/7358777736"
7374276349,12.8795037,77.5457458,"","signal","forward","","OpenStreetMap","https://www.openstreetmap.org/node/7374276349"
7374276363,12.8834486,77.5487601,"","signal","forward","","OpenStreetMap","https://www.openstreetmap.org/node/7374276363"
7384187432,13.0188998,77.6554248,"","signal","","","OpenStreetMap","https://www.openstreetmap.org/node/7384187432"
7384187433,13.0192621,77.6555810,"","signal","","","OpenStreetMap","https://www.openstreetmap.org/node/7384187433"
7404474556,13.0287432,77.6637365,"","signal","","","OpenStreetMap","https://www.openstreetmap.org/node/7404474556"
7466248765,12.8928284,77.6104465,"","signal","","","OpenStreetMap","https://www.openstreetmap.org/node/7466248765"
7484168009,12.9294738,77.5736204,"","signal","","","OpenStreetMap","https://www.openstreetmap.org/node/7484168009"
7485457399,13.0129337,77.6621283,"","signal","","","OpenStreetMap","https://www.openstreetmap.org/node/7485457399"
7485457400,13.0131296,77.6625191,"","signal","","","OpenStreetMap","https://www.openstreetmap.org/node/7485457400"
7617898611,12.9928543,77.6097703,"","signal","backward","","OpenStreetMap","https://www.openstreetmap.org/node/7617898611"
7686283259,12.9736464,77.6139762,"","","","","OpenStreetMap","https://www.openstreetmap.org/node/7686283259"
8504197414,12.9846024,77.5886256,"","","","","OpenStreetMap","https://www.openstreetmap.org/node/8504197414"
9140200248,12.9729291,77.5817190,"","","","","OpenStreetMap","https://www.openstreetmap.org/node/9140200248"
9339539331,12.9305792,77.5435419,"","","","","OpenStreetMap","https://www.openstreetmap.org/node/9339539331"
9506746892,12.9292918,77.6152112,"","signal","","","OpenStreetMap","https://www.openstreetmap.org/node/9506746892"
9507354636,13.0400826,77.6244008,"","signal","","","OpenStreetMap","https://www.openstreetmap.org/node/9507354636"
9603588754,12.9878295,77.5374297,"","","","","OpenStreetMap","https://www.openstreetmap.org/node/9603588754"
9629025771,12.9794664,77.5819718,"","","","","OpenStreetMap","https://www.openstreetmap.org/node/9629025771"
9691908031,13.0454607,77.5072484,"","signal","","","OpenStreetMap","https://www.openstreetmap.org/node/9691908031"
9691908032,13.0454997,77.5072670,"","signal","","","OpenStreetMap","https://www.openstreetmap.org/node/9691908032"
9691908049,13.0566128,77.5072593,"","signal","","","OpenStreetMap","https://www.openstreetmap.org/node/9691908049"
9695761624,13.1022736,77.5862862,"","","","","OpenStreetMap","https://www.openstreetmap.org/node/9695761624"
9713504810,13.0282756,77.5713221,"","","","","OpenStreetMap","https://www.openstreetmap.org/node/9713504810"
9817001114,13.0393364,77.5640809,"","signal","","","OpenStreetMap","https://www.openstreetmap.org/node/9817001114"
9820351002,12.8700468,77.6533235,"","signal","","","OpenStreetMap","https://www.openstreetmap.org/node/9820351002"
9820351003,12.8700093,77.6535236,"","signal","","","OpenStreetMap","https://www.openstreetmap.org/node/9820351003"
9843291185,12.9557708,77.7150315,"","signal","","","OpenStreetMap","https://www.openstreetmap.org/node/9843291185"
9844475372,12.9393719,77.6954445,"","signal","forward","","OpenStreetMap","https://www.openstreetmap.org/node/9844475372"
9844475373,12.9394618,77.6949651,"","signal","forward","","OpenStreetMap","https://www.openstreetmap.org/node/9844475373"
9846344721,12.9597159,77.6492467,"","","","","OpenStreetMap","https://www.openstreetmap.org/node/9846344721"
9857144282,12.9242242,77.6518465,"","signal","","","OpenStreetMap","https://www.openstreetmap.org/node/9857144282"
9857144283,12.9242955,77.6516743,"","signal","","","OpenStreetMap","https://www.openstreetmap.org/node/9857144283"
9880815311,13.0952044,77.5943934,"","signal","","","OpenStreetMap","https://www.openstreetmap.org/node/9880815311"
9930000954,12.9904853,77.5996658,"","signal","forward","","OpenStreetMap","https://www.openstreetmap.org/node/9930000954"
9930001009,12.9794981,77.5817433,"","signal","","","OpenStreetMap","https://www.openstreetmap.org/node/9930001009"
9932318844,12.9727556,77.7116295,"","signal","","","OpenStreetMap","https://www.openstreetmap.org/node/9932318844"
9933265932,12.9682673,77.6063014,"","signal","","","OpenStreetMap","https://www.openstreetmap.org/node/9933265932"
9935424308,13.0055678,77.5651616,"","","","","OpenStreetMap","https://www.openstreetmap.org/node/9935424308"
9938657075,12.9956077,77.5895917,"","signal","","","OpenStreetMap","https://www.openstreetmap.org/node/9938657075"
9939398569,12.9641286,77.5698151,"","signal","","","OpenStreetMap","https://www.openstreetmap.org/node/9939398569"
9939398599,12.9640617,77.5696055,"","signal","","","OpenStreetMap","https://www.openstreetmap.org/node/9939398599"
9939407828,12.9641751,77.5695538,"","signal","","","OpenStreetMap","https://www.openstreetmap.org/node/9939407828"
9951192668,12.9724014,77.7115623,"","signal","","","OpenStreetMap","https://www.openstreetmap.org/node/9951192668"
9952997318,12.9640306,77.5855087,"","signal","","","OpenStreetMap","https://www.openstreetmap.org/node/9952997318"
9953892391,12.9560443,77.7145709,"","signal","","","OpenStreetMap","https://www.openstreetmap.org/node/9953892391"
9953892394,12.9561766,77.7149403,"","signal","","","OpenStreetMap","https://www.openstreetmap.org/node/9953892394"
9953892395,12.9556991,77.7147636,"","signal","","","OpenStreetMap","https://www.openstreetmap.org/node/9953892395"
9982048435,12.9834260,77.7679713,"","","","","OpenStreetMap","https://www.openstreetmap.org/node/9982048435"
9984551452,12.9741929,77.6111055,"","signal","","","OpenStreetMap","https://www.openstreetmap.org/node/9984551452"
10001161216,12.9679224,77.5871148,"","signal","","","OpenStreetMap","https://www.openstreetmap.org/node/10001161216"
10003979594,13.0065270,77.5788804,"","signal","","","OpenStreetMap","https://www.openstreetmap.org/node/10003979594"
10003979595,13.0065399,77.5786862,"","signal","","","OpenStreetMap","https://www.openstreetmap.org/node/10003979595"
10003979596,13.0063819,77.5786367,"","signal","","","OpenStreetMap","https://www.openstreetmap.org/node/10003979596"
10005593343,12.9729382,77.5387469,"","signal","","","OpenStreetMap","https://www.openstreetmap.org/node/10005593343"
10005593344,12.9728978,77.5384684,"","signal","","","OpenStreetMap","https://www.openstreetmap.org/node/10005593344"
10010955383,12.9613476,77.5591301,"","signal","","","OpenStreetMap","https://www.openstreetmap.org/node/10010955383"
10010955384,12.9611584,77.5591051,"","signal","","","OpenStreetMap","https://www.openstreetmap.org/node/10010955384"
10015684285,12.9798845,77.5711031,"","signal","forward","","OpenStreetMap","https://www.openstreetmap.org/node/10015684285"
10016225617,12.9809221,77.5970329,"","","","traffic_signals","OpenStreetMap","https://www.openstreetmap.org/node/10016225617"
10016346057,12.9767300,77.6019032,"","signal","","","OpenStreetMap","https://www.openstreetmap.org/node/10016346057"
10020359439,12.9675030,77.6110962,"","signal","","","OpenStreetMap","https://www.openstreetmap.org/node/10020359439"
10035532963,12.9787401,77.5732670,"","signal","","","OpenStreetMap","https://www.openstreetmap.org/node/10035532963"
10043357419,12.9297520,77.6150337,"","signal","","","OpenStreetMap","https://www.openstreetmap.org/node/10043357419"
10043357421,12.9526332,77.6050439,"","signal","","","OpenStreetMap","https://www.openstreetmap.org/node/10043357421"
10043357423,12.9663803,77.6067892,"","signal","","","OpenStreetMap","https://www.openstreetmap.org/node/10043357423"
10068662144,12.9383568,77.6328208,"","signal","backward","","OpenStreetMap","https://www.openstreetmap.org/node/10068662144"
10068662145,12.9386664,77.6326356,"","signal","forward","","OpenStreetMap","https://www.openstreetmap.org/node/10068662145"
10068956785,12.9342159,77.6123554,"","signal","","","OpenStreetMap","https://www.openstreetmap.org/node/10068956785"
10068956821,12.9358605,77.6152203,"","signal","","","OpenStreetMap","https://www.openstreetmap.org/node/10068956821"
10072942642,12.9139590,77.6100369,"","signal","","","OpenStreetMap","https://www.openstreetmap.org/node/10072942642"
10072942645,12.9140121,77.6101028,"","signal","","","OpenStreetMap","https://www.openstreetmap.org/node/10072942645"
10120941856,12.9680656,77.6061958,"","signal","","","OpenStreetMap","https://www.openstreetmap.org/node/10120941856"
10121050218,12.9832923,77.5956143,"","signal","","","OpenStreetMap","https://www.openstreetmap.org/node/10121050218"
10121158786,12.9805134,77.5770430,"","signal","","","OpenStreetMap","https://www.openstreetmap.org/node/10121158786"
10123663920,12.9809149,77.6102419,"","","","","OpenStreetMap","https://www.openstreetmap.org/node/10123663920"
10123826914,12.9775599,77.5909308,"","signal","","","OpenStreetMap","https://www.openstreetmap.org/node/10123826914"
10156396908,13.0381750,77.5219426,"","signal","","","OpenStreetMap","https://www.openstreetmap.org/node/10156396908"
10187842628,13.0319200,77.6218381,"","signal","","","OpenStreetMap","https://www.openstreetmap.org/node/10187842628"
10196262521,12.9111422,77.6836675,"","signal","","","OpenStreetMap","https://www.openstreetmap.org/node/10196262521"
10231033892,12.9744196,77.5783155,"","","","","OpenStreetMap","https://www.openstreetmap.org/node/10231033892"
10274836884,13.0451542,77.5073415,"","signal","","","OpenStreetMap","https://www.openstreetmap.org/node/10274836884"
10274940012,13.0666816,77.5033502,"","signal","","","OpenStreetMap","https://www.openstreetmap.org/node/10274940012"
10282769898,12.9213128,77.6202306,"","","","","OpenStreetMap","https://www.openstreetmap.org/node/10282769898"
10284348022,12.9298091,77.6332856,"","signal","","","OpenStreetMap","https://www.openstreetmap.org/node/10284348022"
10284348038,12.9440489,77.6073719,"","signal","","","OpenStreetMap","https://www.openstreetmap.org/node/10284348038"
10289145756,12.9558168,77.5922039,"","","","","OpenStreetMap","https://www.openstreetmap.org/node/10289145756"
10291078965,12.9855192,77.6450999,"","","","","OpenStreetMap","https://www.openstreetmap.org/node/10291078965"
10560858053,12.9726391,77.6193087,"","","","","OpenStreetMap","https://www.openstreetmap.org/node/10560858053"
10585575510,13.0393549,77.6414418,"","","","","OpenStreetMap","https://www.openstreetmap.org/node/10585575510"
10678693502,12.9924741,77.7162864,"","signal","","","OpenStreetMap","https://www.openstreetmap.org/node/10678693502"
10684982315,13.0370702,77.5659484,"","signal","","traffic_signals","OpenStreetMap","https://www.openstreetmap.org/node/10684982315"
10684982316,13.0370192,77.5658846,"","signal","","traffic_signals","OpenStreetMap","https://www.openstreetmap.org/node/10684982316"
10685321384,12.9571651,77.5739450,"","signal","","","OpenStreetMap","https://www.openstreetmap.org/node/10685321384"
10685321385,12.9570089,77.5734926,"","signal","","","OpenStreetMap","https://www.openstreetmap.org/node/10685321385"
10685860710,12.9614543,77.5842713,"","signal","","","OpenStreetMap","https://www.openstreetmap.org/node/10685860710"
10685860711,12.9611395,77.5884055,"","signal","","","OpenStreetMap","https://www.openstreetmap.org/node/10685860711"
10687622732,13.0393950,77.5641214,"","signal","","","OpenStreetMap","https://www.openstreetmap.org/node/10687622732"
10691285605,13.0284000,77.5714577,"","","","","OpenStreetMap","https://www.openstreetmap.org/node/10691285605"
10695052518,12.9765887,77.7270215,"","signal","","","OpenStreetMap","https://www.openstreetmap.org/node/10695052518"
10698644147,13.0404914,77.6242997,"","signal","","","OpenStreetMap","https://www.openstreetmap.org/node/10698644147"
10698644148,13.0399780,77.6241945,"","signal","","","OpenStreetMap","https://www.openstreetmap.org/node/10698644148"
10731023449,12.9764721,77.7273767,"","signal","backward","","OpenStreetMap","https://www.openstreetmap.org/node/10731023449"
10783592398,12.9723212,77.5939182,"","","","","OpenStreetMap","https://www.openstreetmap.org/node/10783592398"
10783657574,13.0302539,77.6210978,"","signal","","","OpenStreetMap","https://www.openstreetmap.org/node/10783657574"
10783997175,12.9266231,77.5613573,"","signal","","","OpenStreetMap","https://www.openstreetmap.org/node/10783997175"
10784133389,13.0496305,77.5928584,"","signal","","","OpenStreetMap","https://www.openstreetmap.org/node/10784133389"
10784133390,13.0496668,77.5927471,"","signal","","","OpenStreetMap","https://www.openstreetmap.org/node/10784133390"
10786947292,13.0345607,77.6228731,"","signal","","","OpenStreetMap","https://www.openstreetmap.org/node/10786947292"
10839591755,13.0347143,77.5573607,"","signal","","","OpenStreetMap","https://www.openstreetmap.org/node/10839591755"
10839591756,13.0347635,77.5574245,"","signal","","","OpenStreetMap","https://www.openstreetmap.org/node/10839591756"
10839591759,13.0348589,77.5574180,"","signal","","","OpenStreetMap","https://www.openstreetmap.org/node/10839591759"
10860559946,12.9120996,77.6448611,"","signal","","","OpenStreetMap","https://www.openstreetmap.org/node/10860559946"
10860559948,12.9123909,77.6446606,"","signal","","","OpenStreetMap","https://www.openstreetmap.org/node/10860559948"
10860559949,12.9121874,77.6444776,"","signal","","","OpenStreetMap","https://www.openstreetmap.org/node/10860559949"
10861673599,12.9561767,77.5774688,"","signal","","","OpenStreetMap","https://www.openstreetmap.org/node/10861673599"
10948126481,12.9187593,77.6853693,"","signal","backward","","OpenStreetMap","https://www.openstreetmap.org/node/10948126481"
10975890137,13.1035090,77.6006196,"","","","","OpenStreetMap","https://www.openstreetmap.org/node/10975890137"
10978687898,12.9757279,77.5867625,"","signal","","","OpenStreetMap","https://www.openstreetmap.org/node/10978687898"
10978687899,12.9756888,77.5876014,"","signal","","","OpenStreetMap","https://www.openstreetmap.org/node/10978687899"
10978687900,12.9761583,77.5870202,"","signal","","","OpenStreetMap","https://www.openstreetmap.org/node/10978687900"
10978687901,12.9759154,77.5876321,"","signal","","","OpenStreetMap","https://www.openstreetmap.org/node/10978687901"
10991477214,13.0301845,77.5370565,"","","","","OpenStreetMap","https://www.openstreetmap.org/node/10991477214"
11003327959,12.9716235,77.6358156,"","traffic_lights","forward","","OpenStreetMap","https://www.openstreetmap.org/node/11003327959"
11003327960,12.9717147,77.6360294,"","traffic_lights","backward","","OpenStreetMap","https://www.openstreetmap.org/node/11003327960"
11065720738,12.9830562,77.5603916,"","","","","OpenStreetMap","https://www.openstreetmap.org/node/11065720738"
11065720756,12.9834174,77.5603109,"","","","","OpenStreetMap","https://www.openstreetmap.org/node/11065720756"
11071026806,12.9755332,77.5759111,"","","","","OpenStreetMap","https://www.openstreetmap.org/node/11071026806"
11150090936,12.9696200,77.7498862,"","","","","OpenStreetMap","https://www.openstreetmap.org/node/11150090936"
11150090939,12.9699275,77.7500068,"","","","","OpenStreetMap","https://www.openstreetmap.org/node/11150090939"
11156382804,12.9571627,77.5697442,"","signal","","","OpenStreetMap","https://www.openstreetmap.org/node/11156382804"
11156420305,12.9572087,77.5695432,"","signal","","traffic_signals","OpenStreetMap","https://www.openstreetmap.org/node/11156420305"
11156420306,12.9570600,77.5696260,"","","","traffic_signals","OpenStreetMap","https://www.openstreetmap.org/node/11156420306"
11178643865,12.9481853,77.5702423,"","","","traffic_signals","OpenStreetMap","https://www.openstreetmap.org/node/11178643865"
11201582978,12.9064480,77.5802293,"","signal","","","OpenStreetMap","https://www.openstreetmap.org/node/11201582978"
11201582981,12.9063624,77.5805102,"","signal","","","OpenStreetMap","https://www.openstreetmap.org/node/11201582981"
11212228043,13.0738288,77.5927832,"","signal","","","OpenStreetMap","https://www.openstreetmap.org/node/11212228043"
11228965366,12.9592362,77.6542040,"","traffic_lights","","","OpenStreetMap","https://www.openstreetmap.org/node/11228965366"
11260122967,12.9157991,77.6383683,"","","forward","","OpenStreetMap","https://www.openstreetmap.org/node/11260122967"
11260122969,12.9161178,77.6380625,"","signal","","","OpenStreetMap","https://www.openstreetmap.org/node/11260122969"
11265002206,12.9307704,77.5802834,"","","","","OpenStreetMap","https://www.openstreetmap.org/node/11265002206"
11265002207,12.9309350,77.5801967,"","","","","OpenStreetMap","https://www.openstreetmap.org/node/11265002207"
11265002208,12.9308674,77.5799708,"","","","","OpenStreetMap","https://www.openstreetmap.org/node/11265002208"
11265002209,12.9307055,77.5800835,"","","","","OpenStreetMap","https://www.openstreetmap.org/node/11265002209"
11268445211,12.9863590,77.5797840,"","","","","OpenStreetMap","https://www.openstreetmap.org/node/11268445211"
11268445212,12.9863639,77.5795805,"","","","","OpenStreetMap","https://www.openstreetmap.org/node/11268445212"
11268445213,12.9866319,77.5798307,"","","","","OpenStreetMap","https://www.openstreetmap.org/node/11268445213"
11268445214,12.9866349,77.5796238,"","","","","OpenStreetMap","https://www.openstreetmap.org/node/11268445214"
11268507380,12.8904969,77.5981993,"","","","","OpenStreetMap","https://www.openstreetmap.org/node/11268507380"
11268507381,12.8906106,77.5979714,"","","","","OpenStreetMap","https://www.openstreetmap.org/node/11268507381"
11268507393,12.8906096,77.5981839,"","","","","OpenStreetMap","https://www.openstreetmap.org/node/11268507393"
11268507394,12.8904998,77.5980462,"","","","","OpenStreetMap","https://www.openstreetmap.org/node/11268507394"
11271693400,12.8767020,77.5952084,"","","","","OpenStreetMap","https://www.openstreetmap.org/node/11271693400"
11271693401,12.8764408,77.5950290,"","","","","OpenStreetMap","https://www.openstreetmap.org/node/11271693401"
11271693402,12.8764668,77.5952739,"","","","","OpenStreetMap","https://www.openstreetmap.org/node/11271693402"
11283488131,12.9766324,77.6016069,"","","","","OpenStreetMap","https://www.openstreetmap.org/node/11283488131"
11283488139,12.9763882,77.6017656,"","signal","","","OpenStreetMap","https://www.openstreetmap.org/node/11283488139"
11286303319,12.9842989,77.5883039,"","signal","","","OpenStreetMap","https://www.openstreetmap.org/node/11286303319"
11286303320,12.9843935,77.5878025,"","","","","OpenStreetMap","https://www.openstreetmap.org/node/11286303320"
11286303321,12.9841482,77.5878688,"","","","","OpenStreetMap","https://www.openstreetmap.org/node/11286303321"
11286303328,12.9848597,77.5884580,"","","","","OpenStreetMap","https://www.openstreetmap.org/node/11286303328"
11286314186,12.9806143,77.5974086,"","","","","OpenStreetMap","https://www.openstreetmap.org/node/11286314186"
11286580549,12.9718329,77.6068763,"","","","","OpenStreetMap","https://www.openstreetmap.org/node/11286580549"
11295765838,12.9346027,77.6096758,"","","","","OpenStreetMap","https://www.openstreetmap.org/node/11295765838"
11295765843,12.9346389,77.6098041,"","","","","OpenStreetMap","https://www.openstreetmap.org/node/11295765843"
11295765844,12.9348223,77.6097044,"","","","","OpenStreetMap","https://www.openstreetmap.org/node/11295765844"
11302971564,12.9062392,77.5860071,"","","","","OpenStreetMap","https://www.openstreetmap.org/node/11302971564"
11302971565,12.9061693,77.5856769,"","","","","OpenStreetMap","https://www.openstreetmap.org/node/11302971565"
11302971566,12.9064405,77.5854734,"","","","","OpenStreetMap","https://www.openstreetmap.org/node/11302971566"
11302971567,12.9066386,77.5857630,"","","","","OpenStreetMap","https://www.openstreetmap.org/node/11302971567"
11302992907,12.9105419,77.5855423,"","signal","","","OpenStreetMap","https://www.openstreetmap.org/node/11302992907"
11302992908,12.9104702,77.5858488,"","signal","","","OpenStreetMap","https://www.openstreetmap.org/node/11302992908"
11302992909,12.9106720,77.5857461,"","signal","","","OpenStreetMap","https://www.openstreetmap.org/node/11302992909"
11302992910,12.9103720,77.5856725,"","signal","","","OpenStreetMap","https://www.openstreetmap.org/node/11302992910"
11303526456,12.9173020,77.5803332,"","signal","","","OpenStreetMap","https://www.openstreetmap.org/node/11303526456"
11303526457,12.9170715,77.5804456,"","signal","","","OpenStreetMap","https://www.openstreetmap.org/node/11303526457"
11303526458,12.9171963,77.5800680,"","signal","","","OpenStreetMap","https://www.openstreetmap.org/node/11303526458"
11304329710,12.9062682,77.5920073,"","","","","OpenStreetMap","https://www.openstreetmap.org/node/11304329710"
11304329711,12.9063429,77.5917598,"","","","","OpenStreetMap","https://www.openstreetmap.org/node/11304329711"
11306430810,12.9314859,77.6138616,"","signal","","","OpenStreetMap","https://www.openstreetmap.org/node/11306430810"
11306430812,12.9344741,77.6126186,"","signal","","","OpenStreetMap","https://www.openstreetmap.org/node/11306430812"
11307884035,12.9277510,77.6211100,"","","","","OpenStreetMap","https://www.openstreetmap.org/node/11307884035"
11308911772,12.9063055,77.5783643,"","signal","forward","","OpenStreetMap","https://www.openstreetmap.org/node/11308911772"
11308911773,12.9065953,77.5783648,"","signal","backward","","OpenStreetMap","https://www.openstreetmap.org/node/11308911773"
11337846010,12.9612389,77.6358582,"","signal","","","OpenStreetMap","https://www.openstreetmap.org/node/11337846010"
11337846017,12.9611398,77.6386563,"","","","","OpenStreetMap","https://www.openstreetmap.org/node/11337846017"
11337846020,12.9608367,77.6386174,"","signal","","","OpenStreetMap","https://www.openstreetmap.org/node/11337846020"
11338711006,12.9911105,77.6573770,"","signal","","","OpenStreetMap","https://www.openstreetmap.org/node/11338711006"
11342881114,12.9487765,77.5933239,"","signal","","","OpenStreetMap","https://www.openstreetmap.org/node/11342881114"
11342881131,12.9486833,77.5934434,"","signal","","","OpenStreetMap","https://www.openstreetmap.org/node/11342881131"
11342881132,12.9489551,77.5934376,"","signal","","","OpenStreetMap","https://www.openstreetmap.org/node/11342881132"
11342900898,12.9766153,77.5995169,"","signal","","","OpenStreetMap","https://www.openstreetmap.org/node/11342900898"
11342970532,12.9828680,77.5971442,"","","","","OpenStreetMap","https://www.openstreetmap.org/node/11342970532"
11342975178,12.9722221,77.5941421,"","","","","OpenStreetMap","https://www.openstreetmap.org/node/11342975178"
11348815671,12.9243786,77.6181099,"","signal","","","OpenStreetMap","https://www.openstreetmap.org/node/11348815671"
11375078750,12.9211350,77.6655496,"","signal","","","OpenStreetMap","https://www.openstreetmap.org/node/11375078750"
11385066517,13.0303934,77.6210916,"","signal","","","OpenStreetMap","https://www.openstreetmap.org/node/11385066517"
11390080363,12.9742430,77.5781461,"","","","","OpenStreetMap","https://www.openstreetmap.org/node/11390080363"
11390080364,12.9742899,77.5783373,"","","","","OpenStreetMap","https://www.openstreetmap.org/node/11390080364"
11390114683,12.9366883,77.5803961,"","","","","OpenStreetMap","https://www.openstreetmap.org/node/11390114683"
11390114684,12.9368023,77.5797212,"","","","","OpenStreetMap","https://www.openstreetmap.org/node/11390114684"
11390114685,12.9370334,77.5798500,"","","","","OpenStreetMap","https://www.openstreetmap.org/node/11390114685"
11399572673,12.9581911,77.6665548,"","signal","","","OpenStreetMap","https://www.openstreetmap.org/node/11399572673"
11399572674,12.9585275,77.6660800,"","signal","","","OpenStreetMap","https://www.openstreetmap.org/node/11399572674"
11399572675,12.9586591,77.6664007,"","signal","","","OpenStreetMap","https://www.openstreetmap.org/node/11399572675"
11420343302,12.9729405,77.5813058,"","","","","OpenStreetMap","https://www.openstreetmap.org/node/11420343302"
11425338082,12.9670512,77.5946821,"","signal","","","OpenStreetMap","https://www.openstreetmap.org/node/11425338082"
11432080350,12.9835375,77.7680945,"","","","","OpenStreetMap","https://www.openstreetmap.org/node/11432080350"
11434604018,12.9806333,77.5976678,"","","","","OpenStreetMap","https://www.openstreetmap.org/node/11434604018"
11434604019,12.9808254,77.5975927,"","","","","OpenStreetMap","https://www.openstreetmap.org/node/11434604019"
11445740091,13.0935038,77.5825305,"","","forward","","OpenStreetMap","https://www.openstreetmap.org/node/11445740091"
11445988395,13.1020685,77.5861556,"","","","","OpenStreetMap","https://www.openstreetmap.org/node/11445988395"
11445988396,13.1019656,77.5865054,"","","","","OpenStreetMap","https://www.openstreetmap.org/node/11445988396"
11446054568,13.0936169,77.5824975,"","","forward","","OpenStreetMap","https://www.openstreetmap.org/node/11446054568"
11446055369,13.0935630,77.5823650,"","","backward","","OpenStreetMap","https://www.openstreetmap.org/node/11446055369"
11446055370,13.0934478,77.5824233,"","","backward","traffic_signals","OpenStreetMap","https://www.openstreetmap.org/node/11446055370"
11449172415,13.0732341,77.5925834,"","","","","OpenStreetMap","https://www.openstreetmap.org/node/11449172415"
11449172416,13.0732288,77.5925071,"","","","","OpenStreetMap","https://www.openstreetmap.org/node/11449172416"
11449172425,13.0674552,77.5933370,"","","","","OpenStreetMap","https://www.openstreetmap.org/node/11449172425"
11449172444,13.0674909,77.5931995,"","","","","OpenStreetMap","https://www.openstreetmap.org/node/11449172444"
11449172454,13.0672447,77.5934681,"","","backward","","OpenStreetMap","https://www.openstreetmap.org/node/11449172454"
11449172456,13.0671271,77.5929388,"","","","","OpenStreetMap","https://www.openstreetmap.org/node/11449172456"
11449172458,13.0671237,77.5930112,"","","","","OpenStreetMap","https://www.openstreetmap.org/node/11449172458"
11449185276,13.0574961,77.5935371,"","","","","OpenStreetMap","https://www.openstreetmap.org/node/11449185276"
11449185279,13.0571783,77.5932346,"","","","","OpenStreetMap","https://www.openstreetmap.org/node/11449185279"
11449185283,13.0574228,77.5931150,"","","","traffic_signals","OpenStreetMap","https://www.openstreetmap.org/node/11449185283"
11449187227,13.0738237,77.5929181,"","signal","","","OpenStreetMap","https://www.openstreetmap.org/node/11449187227"
11449187234,13.0817790,77.5930817,"","","","","OpenStreetMap","https://www.openstreetmap.org/node/11449187234"
11464483508,12.9752275,77.6077865,"","signal","","","OpenStreetMap","https://www.openstreetmap.org/node/11464483508"
11476588184,12.9117773,77.6445845,"","","","","OpenStreetMap","https://www.openstreetmap.org/node/11476588184"
11484393853,12.9124693,77.6381299,"","signal","","","OpenStreetMap","https://www.openstreetmap.org/node/11484393853"
11484393854,12.9123423,77.6379732,"","signal","","","OpenStreetMap","https://www.openstreetmap.org/node/11484393854"
11484393855,12.9121928,77.6380532,"","signal","","","OpenStreetMap","https://www.openstreetmap.org/node/11484393855"
11484393856,12.9122644,77.6382142,"","signal","","","OpenStreetMap","https://www.openstreetmap.org/node/11484393856"
11493493812,12.9345296,77.6297801,"","signal","","","OpenStreetMap","https://www.openstreetmap.org/node/11493493812"
11493493813,12.9343909,77.6295609,"","signal","backward","","OpenStreetMap","https://www.openstreetmap.org/node/11493493813"
11493846396,12.9399808,77.6255013,"","signal","","","OpenStreetMap","https://www.openstreetmap.org/node/11493846396"
11494461870,12.9668594,77.6613966,"","","","","OpenStreetMap","https://www.openstreetmap.org/node/11494461870"
11496183648,12.9678779,77.6004227,"","","","","OpenStreetMap","https://www.openstreetmap.org/node/11496183648"
11497593345,12.9792571,77.6463891,"","signal","forward","","OpenStreetMap","https://www.openstreetmap.org/node/11497593345"
11497616822,12.9702092,77.6414153,"","signal","","","OpenStreetMap","https://www.openstreetmap.org/node/11497616822"
11497616823,12.9702377,77.6411361,"","signal","","","OpenStreetMap","https://www.openstreetmap.org/node/11497616823"
11533595485,12.9240761,77.6518602,"","signal","","","OpenStreetMap","https://www.openstreetmap.org/node/11533595485"
11554370593,13.0340623,77.5685777,"","","","","OpenStreetMap","https://www.openstreetmap.org/node/11554370593"
11584555915,13.0040723,77.6195617,"","signal","","","OpenStreetMap","https://www.openstreetmap.org/node/11584555915"
11584555916,13.0040287,77.6197520,"","signal","backward","","OpenStreetMap","https://www.openstreetmap.org/node/11584555916"
11618263383,12.8897220,77.5636469,"","","","","OpenStreetMap","https://www.openstreetmap.org/node/11618263383"
11630611676,12.9807039,77.6565361,"","signal","","","OpenStreetMap","https://www.openstreetmap.org/node/11630611676"
11630611677,12.9805451,77.6563683,"","signal","","","OpenStreetMap","https://www.openstreetmap.org/node/11630611677"
11630611678,12.9806621,77.6562813,"","signal","","","OpenStreetMap","https://www.openstreetmap.org/node/11630611678"
11639971012,12.9557988,77.6915576,"","signal","","","OpenStreetMap","https://www.openstreetmap.org/node/11639971012"
11684233293,12.9819655,77.5948833,"","signal","","","OpenStreetMap","https://www.openstreetmap.org/node/11684233293"
11684233294,12.9817732,77.5945060,"","signal","","","OpenStreetMap","https://www.openstreetmap.org/node/11684233294"
11684233295,12.9817996,77.5949523,"","signal","","","OpenStreetMap","https://www.openstreetmap.org/node/11684233295"
11688203993,12.9128425,77.4850607,"","","backward","","OpenStreetMap","https://www.openstreetmap.org/node/11688203993"
11688206890,12.9543944,77.5439959,"","signal","","","OpenStreetMap","https://www.openstreetmap.org/node/11688206890"
11688206893,12.9558770,77.5463219,"","signal","","","OpenStreetMap","https://www.openstreetmap.org/node/11688206893"
11688206894,12.9560434,77.5461753,"","signal","","","OpenStreetMap","https://www.openstreetmap.org/node/11688206894"
11690829652,13.0182871,77.5578156,"","","","","OpenStreetMap","https://www.openstreetmap.org/node/11690829652"
11707451093,12.9655368,77.6175137,"","signal","","","OpenStreetMap","https://www.openstreetmap.org/node/11707451093"
11707451095,12.9653456,77.6180030,"","","","","OpenStreetMap","https://www.openstreetmap.org/node/11707451095"
11707460670,12.9714627,77.6193053,"","","","","OpenStreetMap","https://www.openstreetmap.org/node/11707460670"
11727973845,12.9584255,77.5189319,"","signal","","","OpenStreetMap","https://www.openstreetmap.org/node/11727973845"
11727973847,12.9579113,77.5187262,"","","","","OpenStreetMap","https://www.openstreetmap.org/node/11727973847"
11780306882,12.9460702,77.6401606,"","","","","OpenStreetMap","https://www.openstreetmap.org/node/11780306882"
11780306883,12.9459778,77.6399778,"","","","","OpenStreetMap","https://www.openstreetmap.org/node/11780306883"
11780319174,12.9634406,77.6414906,"","","","","OpenStreetMap","https://www.openstreetmap.org/node/11780319174"
11780319175,12.9632648,77.6415811,"","","","","OpenStreetMap","https://www.openstreetmap.org/node/11780319175"
11780319176,12.9634624,77.6416710,"","","","","OpenStreetMap","https://www.openstreetmap.org/node/11780319176"
11795755981,12.9121758,77.5673692,"","","","","OpenStreetMap","https://www.openstreetmap.org/node/11795755981"
11801662688,12.9870619,77.6483915,"","","","","OpenStreetMap","https://www.openstreetmap.org/node/11801662688"
11801662689,12.9871282,77.6480870,"","","","","OpenStreetMap","https://www.openstreetmap.org/node/11801662689"
11824558258,12.8796663,77.5454345,"","signal","","","OpenStreetMap","https://www.openstreetmap.org/node/11824558258"
11824558264,12.8796365,77.5457258,"","signal","","","OpenStreetMap","https://www.openstreetmap.org/node/11824558264"
11841864043,13.0019156,77.6119418,"","","","","OpenStreetMap","https://www.openstreetmap.org/node/11841864043"
11843210612,13.0189077,77.5575794,"","","","","OpenStreetMap","https://www.openstreetmap.org/node/11843210612"
11846247779,12.9040174,77.5106752,"","","forward","","OpenStreetMap","https://www.openstreetmap.org/node/11846247779"
11846423573,12.9217167,77.5604202,"","","","","OpenStreetMap","https://www.openstreetmap.org/node/11846423573"
11853406315,12.9970673,77.6144449,"","","","","OpenStreetMap","https://www.openstreetmap.org/node/11853406315"
11853576386,12.9958461,77.6133543,"","","","","OpenStreetMap","https://www.openstreetmap.org/node/11853576386"
11854316025,12.9704601,77.6101348,"","signal","","","OpenStreetMap","https://www.openstreetmap.org/node/11854316025"
11856705103,12.9959298,77.6171870,"","signal","","","OpenStreetMap","https://www.openstreetmap.org/node/11856705103"
11856705104,12.9960154,77.6169707,"","signal","","","OpenStreetMap","https://www.openstreetmap.org/node/11856705104"
11856705121,12.9915694,77.6146079,"","","","","OpenStreetMap","https://www.openstreetmap.org/node/11856705121"
11856875807,12.9906965,77.6137921,"","signal","","","OpenStreetMap","https://www.openstreetmap.org/node/11856875807"
11856875821,12.9904893,77.6140447,"","signal","","","OpenStreetMap","https://www.openstreetmap.org/node/11856875821"
11856875822,12.9904468,77.6138361,"","signal","","","OpenStreetMap","https://www.openstreetmap.org/node/11856875822"
11857026800,12.9917860,77.6143869,"","","","","OpenStreetMap","https://www.openstreetmap.org/node/11857026800"
11860340624,12.9546805,77.6799598,"","signal","backward","","OpenStreetMap","https://www.openstreetmap.org/node/11860340624"
11860340625,12.9544524,77.6800391,"","signal","","","OpenStreetMap","https://www.openstreetmap.org/node/11860340625"
11860340626,12.9546555,77.6797301,"","signal","","","OpenStreetMap","https://www.openstreetmap.org/node/11860340626"
11890611421,12.9518999,77.4996639,"","","","","OpenStreetMap","https://www.openstreetmap.org/node/11890611421"
11898236318,13.0085304,77.5710906,"","signal","","","OpenStreetMap","https://www.openstreetmap.org/node/11898236318"
11898236319,13.0084702,77.5711978,"","signal","","","OpenStreetMap","https://www.openstreetmap.org/node/11898236319"
11898247208,13.0085805,77.5692416,"","signal","","","OpenStreetMap","https://www.openstreetmap.org/node/11898247208"
11898247210,13.0086264,77.5690533,"","signal","","","OpenStreetMap","https://www.openstreetmap.org/node/11898247210"
11898860862,12.9970827,77.5694461,"","","","","OpenStreetMap","https://www.openstreetmap.org/node/11898860862"
11898868422,12.9992744,77.5712855,"","","","","OpenStreetMap","https://www.openstreetmap.org/node/11898868422"
11898958122,12.9934160,77.5713693,"","","","","OpenStreetMap","https://www.openstreetmap.org/node/11898958122"
11927462279,12.9070089,77.6285800,"","","","","OpenStreetMap","https://www.openstreetmap.org/node/11927462279"
11933333316,13.0452743,77.5565269,"","signal","","","OpenStreetMap","https://www.openstreetmap.org/node/11933333316"
11937539311,12.8833440,77.5485572,"","signal","forward","","OpenStreetMap","https://www.openstreetmap.org/node/11937539311"
11937539312,12.8835013,77.5484029,"","signal","forward","","OpenStreetMap","https://www.openstreetmap.org/node/11937539312"
11954211369,13.0431453,77.5900332,"","signal","","","OpenStreetMap","https://www.openstreetmap.org/node/11954211369"
11954212343,13.0145801,77.5836796,"","signal","","","OpenStreetMap","https://www.openstreetmap.org/node/11954212343"
11955000938,12.9061379,77.5949917,"","","","","OpenStreetMap","https://www.openstreetmap.org/node/11955000938"
11955000939,12.9063876,77.5949246,"","","","","OpenStreetMap","https://www.openstreetmap.org/node/11955000939"
11964711937,13.0291115,77.5401527,"Gorguntepalaya Cross","","","","OpenStreetMap","https://www.openstreetmap.org/node/11964711937"
12000425037,12.9480548,77.5797907,"","signal","","","OpenStreetMap","https://www.openstreetmap.org/node/12000425037"
12000425038,12.9479750,77.5799438,"","signal","","","OpenStreetMap","https://www.openstreetmap.org/node/12000425038"
12000425044,12.9485201,77.5801684,"","signal","","","OpenStreetMap","https://www.openstreetmap.org/node/12000425044"
12000425045,12.9485887,77.5800497,"","signal","","","OpenStreetMap","https://www.openstreetmap.org/node/12000425045"
12000643122,12.9480734,77.5701207,"","signal","backward","","OpenStreetMap","https://www.openstreetmap.org/node/12000643122"
12000643123,12.9483657,77.5701099,"","","forward","traffic_signals","OpenStreetMap","https://www.openstreetmap.org/node/12000643123"
12006313287,13.0090033,77.5631556,"","","","","OpenStreetMap","https://www.openstreetmap.org/node/12006313287"
12006381703,12.9750790,77.6255117,"","","","","OpenStreetMap","https://www.openstreetmap.org/node/12006381703"
12040922852,12.8885500,77.6728596,"","signal","forward","","OpenStreetMap","https://www.openstreetmap.org/node/12040922852"
12059785431,12.9220441,77.5602909,"","","","","OpenStreetMap","https://www.openstreetmap.org/node/12059785431"
12059785432,12.9219797,77.5600956,"","","","","OpenStreetMap","https://www.openstreetmap.org/node/12059785432"
12059868183,13.0305986,77.5370762,"","","","","OpenStreetMap","https://www.openstreetmap.org/node/12059868183"
12059868184,13.0302862,77.5373291,"","","","","OpenStreetMap","https://www.openstreetmap.org/node/12059868184"
12060569557,12.9279735,77.5462087,"","signal","","","OpenStreetMap","https://www.openstreetmap.org/node/12060569557"
12060592381,12.9254845,77.5498815,"","","","","OpenStreetMap","https://www.openstreetmap.org/node/12060592381"
12060592382,12.9252510,77.5498857,"","","backward","","OpenStreetMap","https://www.openstreetmap.org/node/12060592382"
12060646306,12.9126294,77.5671365,"","","","","OpenStreetMap","https://www.openstreetmap.org/node/12060646306"
12060646307,12.9126932,77.5672857,"","","","","OpenStreetMap","https://www.openstreetmap.org/node/12060646307"
12060861674,12.9394858,77.6954711,"","signal","forward","","OpenStreetMap","https://www.openstreetmap.org/node/12060861674"
12060861675,12.9393289,77.6949241,"","signal","forward","","OpenStreetMap","https://www.openstreetmap.org/node/12060861675"
12062818309,12.9548761,77.5800114,"","signal","","","OpenStreetMap","https://www.openstreetmap.org/node/12062818309"
12064311431,13.0063105,77.5789135,"","signal","","","OpenStreetMap","https://www.openstreetmap.org/node/12064311431"
12068481099,12.9900793,77.5508390,"","","forward","","OpenStreetMap","https://www.openstreetmap.org/node/12068481099"
12068481101,12.9901318,77.5504785,"","","forward","","OpenStreetMap","https://www.openstreetmap.org/node/12068481101"
12068481103,12.9877604,77.5497691,"","","","","OpenStreetMap","https://www.openstreetmap.org/node/12068481103"
12068481105,12.9843867,77.5488549,"National Public School Circle","","","","OpenStreetMap","https://www.openstreetmap.org/node/12068481105"
12068481130,13.0038943,77.5489101,"","signal","backward","","OpenStreetMap","https://www.openstreetmap.org/node/12068481130"
12073881083,12.8892473,77.6402197,"","","","traffic_signals","OpenStreetMap","https://www.openstreetmap.org/node/12073881083"
12074449280,12.9245863,77.6283639,"","","","","OpenStreetMap","https://www.openstreetmap.org/node/12074449280"
12074449281,12.9246574,77.6283474,"","","forward","","OpenStreetMap","https://www.openstreetmap.org/node/12074449281"
12074449291,12.9244249,77.6284461,"","","","","OpenStreetMap","https://www.openstreetmap.org/node/12074449291"
12074449292,12.9241089,77.6291454,"","","","","OpenStreetMap","https://www.openstreetmap.org/node/12074449292"
12075650280,13.0100972,77.5907627,"","","backward","","OpenStreetMap","https://www.openstreetmap.org/node/12075650280"
12077171239,12.9551212,77.5802666,"","signal","","","OpenStreetMap","https://www.openstreetmap.org/node/12077171239"
12077171240,12.9552853,77.5797627,"","signal","","","OpenStreetMap","https://www.openstreetmap.org/node/12077171240"
12077171241,12.9551115,77.5797404,"","signal","","","OpenStreetMap","https://www.openstreetmap.org/node/12077171241"
12101720464,12.9653002,77.6007697,"","traffic_lights","forward","","OpenStreetMap","https://www.openstreetmap.org/node/12101720464"
12107761086,12.9731923,77.6469751,"Thippasandra Cross","","","","OpenStreetMap","https://www.openstreetmap.org/node/12107761086"
12107776959,12.9690153,77.6477060,"","signal","backward","","OpenStreetMap","https://www.openstreetmap.org/node/12107776959"
12110804691,12.9540118,77.5852842,"","signal","","","OpenStreetMap","https://www.openstreetmap.org/node/12110804691"
12110823225,12.9517241,77.5901998,"","signal","","","OpenStreetMap","https://www.openstreetmap.org/node/12110823225"
12110823226,12.9513994,77.5908495,"","signal","","","OpenStreetMap","https://www.openstreetmap.org/node/12110823226"
12110823227,12.9518529,77.5906700,"","signal","","","OpenStreetMap","https://www.openstreetmap.org/node/12110823227"
12111889685,12.9659126,77.5865612,"","signal","","","OpenStreetMap","https://www.openstreetmap.org/node/12111889685"
12111944876,12.9714749,77.6584665,"","signal","","","OpenStreetMap","https://www.openstreetmap.org/node/12111944876"
12120691271,12.9707677,77.6048693,"","","","","OpenStreetMap","https://www.openstreetmap.org/node/12120691271"
12120691272,12.9708359,77.6046571,"","","","","OpenStreetMap","https://www.openstreetmap.org/node/12120691272"
12123536071,12.9808110,77.5745237,"","","forward","traffic_signals","OpenStreetMap","https://www.openstreetmap.org/node/12123536071"
12123831581,12.9199361,77.5804419,"","","backward","no","OpenStreetMap","https://www.openstreetmap.org/node/12123831581"
12123831582,12.9200308,77.5803126,"","","","no","OpenStreetMap","https://www.openstreetmap.org/node/12123831582"
12123831583,12.9198372,77.5802082,"","","","no","OpenStreetMap","https://www.openstreetmap.org/node/12123831583"
12123831584,12.9199448,77.5800604,"","","forward","no","OpenStreetMap","https://www.openstreetmap.org/node/12123831584"
12128921374,12.9634942,77.5892656,"","","","traffic_signals","OpenStreetMap","https://www.openstreetmap.org/node/12128921374"
12128943114,12.9674864,77.5884180,"","signal","","","OpenStreetMap","https://www.openstreetmap.org/node/12128943114"
12134062487,12.9733255,77.5812990,"","signal","","","OpenStreetMap","https://www.openstreetmap.org/node/12134062487"
12134224864,12.9557817,77.6919012,"","signal","","","OpenStreetMap","https://www.openstreetmap.org/node/12134224864"
12134224865,12.9559391,77.6917859,"","signal","","","OpenStreetMap","https://www.openstreetmap.org/node/12134224865"
12135211600,12.9895265,77.5929540,"","","","","OpenStreetMap","https://www.openstreetmap.org/node/12135211600"
12138994485,12.9816187,77.5865956,"","","","","OpenStreetMap","https://www.openstreetmap.org/node/12138994485"
12138994486,12.9818126,77.5868178,"","","","","OpenStreetMap","https://www.openstreetmap.org/node/12138994486"
12139153727,12.9935192,77.6075231,"","","","","OpenStreetMap","https://www.openstreetmap.org/node/12139153727"
12139153728,12.9934405,77.6071815,"","","","","OpenStreetMap","https://www.openstreetmap.org/node/12139153728"
12139153743,12.9925606,77.6096885,"","signal","backward","","OpenStreetMap","https://www.openstreetmap.org/node/12139153743"
12139240707,12.9804293,77.5769797,"","","","","OpenStreetMap","https://www.openstreetmap.org/node/12139240707"
12144670572,12.9815091,77.6228427,"","","","traffic_signals","OpenStreetMap","https://www.openstreetmap.org/node/12144670572"
12145344714,12.9560563,77.5772254,"","","forward","","OpenStreetMap","https://www.openstreetmap.org/node/12145344714"
12145344737,12.9564266,77.5773930,"","","forward","","OpenStreetMap","https://www.openstreetmap.org/node/12145344737"
12145344750,12.9531695,77.5738575,"","","forward","","OpenStreetMap","https://www.openstreetmap.org/node/12145344750"
12145344751,12.9531995,77.5734741,"","","backward","","OpenStreetMap","https://www.openstreetmap.org/node/12145344751"
12147813610,12.9818479,77.5944830,"","signal","","","OpenStreetMap","https://www.openstreetmap.org/node/12147813610"
12147816740,12.9765511,77.5995117,"","signal","","","OpenStreetMap","https://www.openstreetmap.org/node/12147816740"
12147929620,12.9846592,77.5819139,"","signal","","","OpenStreetMap","https://www.openstreetmap.org/node/12147929620"
12168378213,12.9317900,77.6134078,"","signal","","","OpenStreetMap","https://www.openstreetmap.org/node/12168378213"
12168378241,12.9458920,77.5955215,"","","","","OpenStreetMap","https://www.openstreetmap.org/node/12168378241"
12169759725,12.9311704,77.6953035,"","","","","OpenStreetMap","https://www.openstreetmap.org/node/12169759725"
12169759728,12.9313721,77.6951192,"","","","","OpenStreetMap","https://www.openstreetmap.org/node/12169759728"
12229871103,12.9065911,77.5803998,"","signal","forward","","OpenStreetMap","https://www.openstreetmap.org/node/12229871103"
12229871104,12.9062056,77.5803985,"","signal","backward","","OpenStreetMap","https://www.openstreetmap.org/node/12229871104"
12291502365,13.0340501,77.5685584,"","","","","OpenStreetMap","https://www.openstreetmap.org/node/12291502365"
12301590044,13.0316187,77.6358413,"","signal","","","OpenStreetMap","https://www.openstreetmap.org/node/12301590044"
12301590045,13.0316875,77.6360132,"","signal","","","OpenStreetMap","https://www.openstreetmap.org/node/12301590045"
12301590046,13.0317379,77.6358464,"","signal","backward","","OpenStreetMap","https://www.openstreetmap.org/node/12301590046"
12301590052,13.0528885,77.6459924,"","","backward","","OpenStreetMap","https://www.openstreetmap.org/node/12301590052"
12351736608,12.9307260,77.5837174,"","","","","OpenStreetMap","https://www.openstreetmap.org/node/12351736608"
12353375375,13.0345719,77.5296348,"SRS","","","","OpenStreetMap","https://www.openstreetmap.org/node/12353375375"
12378776040,13.0057213,77.5932236,"","","","","OpenStreetMap","https://www.openstreetmap.org/node/12378776040"
12378776041,13.0054678,77.5932558,"","","","","OpenStreetMap","https://www.openstreetmap.org/node/12378776041"
12421958514,12.9755330,77.5760561,"","signal","","","OpenStreetMap","https://www.openstreetmap.org/node/12421958514"
12421958517,12.9754617,77.5746583,"","","","","OpenStreetMap","https://www.openstreetmap.org/node/12421958517"
12421958518,12.9755377,77.5748922,"","","","","OpenStreetMap","https://www.openstreetmap.org/node/12421958518"
12425345227,12.9992154,77.5714022,"","","","","OpenStreetMap","https://www.openstreetmap.org/node/12425345227"
12429482558,12.9845899,77.5820487,"","signal","","","OpenStreetMap","https://www.openstreetmap.org/node/12429482558"
12429523361,12.9599337,77.5330143,"","","","","OpenStreetMap","https://www.openstreetmap.org/node/12429523361"
12429523363,12.9659569,77.5353419,"","","","","OpenStreetMap","https://www.openstreetmap.org/node/12429523363"
12429523365,12.9659558,77.5356817,"","","backward","","OpenStreetMap","https://www.openstreetmap.org/node/12429523365"
12429523369,12.9730026,77.5385023,"","signal","forward","","OpenStreetMap","https://www.openstreetmap.org/node/12429523369"
12441126037,12.9879840,77.5373222,"","","forward","","OpenStreetMap","https://www.openstreetmap.org/node/12441126037"
12441746024,12.9758188,77.5386174,"","signal","backward","","OpenStreetMap","https://www.openstreetmap.org/node/12441746024"
12441746025,12.9757195,77.5384055,"","signal","backward","","OpenStreetMap","https://www.openstreetmap.org/node/12441746025"
12441746026,12.9757340,77.5386814,"","signal","forward","","OpenStreetMap","https://www.openstreetmap.org/node/12441746026"
12441746027,12.9756009,77.5385336,"","signal","backward","","OpenStreetMap","https://www.openstreetmap.org/node/12441746027"
12441856470,12.9808324,77.5368826,"","","","","OpenStreetMap","https://www.openstreetmap.org/node/12441856470"
12441856493,12.9803916,77.5370685,"","signal","","","OpenStreetMap","https://www.openstreetmap.org/node/12441856493"
12441867942,12.9879317,77.5376292,"","","backward","","OpenStreetMap","https://www.openstreetmap.org/node/12441867942"
12441867995,12.9992647,77.5412835,"","","","","OpenStreetMap","https://www.openstreetmap.org/node/12441867995"
12441867996,12.9992135,77.5410874,"","","backward","","OpenStreetMap","https://www.openstreetmap.org/node/12441867996"
12441867997,12.9994211,77.5409984,"","","forward","","OpenStreetMap","https://www.openstreetmap.org/node/12441867997"
12441867998,12.9994817,77.5411392,"","","forward","","OpenStreetMap","https://www.openstreetmap.org/node/12441867998"
12451306646,12.9358589,77.6153609,"","signal","","","OpenStreetMap","https://www.openstreetmap.org/node/12451306646"
12451306648,12.9440040,77.6077626,"","signal","","","OpenStreetMap","https://www.openstreetmap.org/node/12451306648"
12452734629,12.9762054,77.6146486,"","signal","","","OpenStreetMap","https://www.openstreetmap.org/node/12452734629"
12452734630,12.9764646,77.6147993,"","signal","","","OpenStreetMap","https://www.openstreetmap.org/node/12452734630"
12459218189,12.9168636,77.5967771,"","","","","OpenStreetMap","https://www.openstreetmap.org/node/12459218189"
12459218190,12.9167473,77.5969502,"","","","","OpenStreetMap","https://www.openstreetmap.org/node/12459218190"
12460929659,12.9683460,77.6062257,"","signal","","","OpenStreetMap","https://www.openstreetmap.org/node/12460929659"
12462507905,12.9667589,77.6086806,"","","","","OpenStreetMap","https://www.openstreetmap.org/node/12462507905"
12462507906,12.9665551,77.6087772,"","","","","OpenStreetMap","https://www.openstreetmap.org/node/12462507906"
12462507966,12.9670902,77.6115269,"","signal","","","OpenStreetMap","https://www.openstreetmap.org/node/12462507966"
12466459946,12.9622087,77.5760105,"","signal","","","OpenStreetMap","https://www.openstreetmap.org/node/12466459946"
12466459959,12.9591296,77.5776537,"","signal","","","OpenStreetMap","https://www.openstreetmap.org/node/12466459959"
12466459977,12.9586617,77.5776465,"","signal","forward","","OpenStreetMap","https://www.openstreetmap.org/node/12466459977"
12466459995,12.9596981,77.5747418,"","signal","","","OpenStreetMap","https://www.openstreetmap.org/node/12466459995"
12466459996,12.9598301,77.5743860,"","signal","forward","","OpenStreetMap","https://www.openstreetmap.org/node/12466459996"
12466460042,12.9588299,77.5777750,"","signal","","","OpenStreetMap","https://www.openstreetmap.org/node/12466460042"
12466639117,12.9955586,77.6019402,"","","forward","","OpenStreetMap","https://www.openstreetmap.org/node/12466639117"
12492308046,12.9168772,77.5857882,"","","","","OpenStreetMap","https://www.openstreetmap.org/node/12492308046"
12492308047,12.9169731,77.5859401,"","","","","OpenStreetMap","https://www.openstreetmap.org/node/12492308047"
12492308048,12.9170960,77.5857177,"","","","","OpenStreetMap","https://www.openstreetmap.org/node/12492308048"
12492308147,12.9169038,77.5949408,"","","","","OpenStreetMap","https://www.openstreetmap.org/node/12492308147"
12492308150,12.9167892,77.5952352,"","","","","OpenStreetMap","https://www.openstreetmap.org/node/12492308150"
12492427237,12.9331686,77.5839149,"","","forward","","OpenStreetMap","https://www.openstreetmap.org/node/12492427237"
12492427238,12.9328235,77.5839070,"","","","","OpenStreetMap","https://www.openstreetmap.org/node/12492427238"
12492427239,12.9331704,77.5837185,"","","","","OpenStreetMap","https://www.openstreetmap.org/node/12492427239"
12492427329,12.9285856,77.5862753,"","","","","OpenStreetMap","https://www.openstreetmap.org/node/12492427329"
12492427330,12.9284358,77.5861041,"","","","","OpenStreetMap","https://www.openstreetmap.org/node/12492427330"
12492427331,12.9287629,77.5860565,"","","","","OpenStreetMap","https://www.openstreetmap.org/node/12492427331"
12492427356,12.9262944,77.5858301,"","","backward","","OpenStreetMap","https://www.openstreetmap.org/node/12492427356"
12492427357,12.9262931,77.5861399,"","","forward","","OpenStreetMap","https://www.openstreetmap.org/node/12492427357"
12492427358,12.9263884,77.5860974,"","","","","OpenStreetMap","https://www.openstreetmap.org/node/12492427358"
12492427359,12.9261937,77.5859531,"","","","","OpenStreetMap","https://www.openstreetmap.org/node/12492427359"
12495143479,12.9437030,77.5739828,"","","","","OpenStreetMap","https://www.openstreetmap.org/node/12495143479"
12507214356,12.9845262,77.5539642,"","","","","OpenStreetMap","https://www.openstreetmap.org/node/12507214356"
12507214357,12.9846280,77.5541702,"","","backward","","OpenStreetMap","https://www.openstreetmap.org/node/12507214357"
12507214358,12.9842992,77.5541471,"","","forward","","OpenStreetMap","https://www.openstreetmap.org/node/12507214358"
12507214389,12.9879583,77.5500845,"","signal","","","OpenStreetMap","https://www.openstreetmap.org/node/12507214389"
12508633833,12.8741663,77.5406608,"","","","","OpenStreetMap","https://www.openstreetmap.org/node/12508633833"
12525432701,12.9437981,77.5800905,"","signal","","","OpenStreetMap","https://www.openstreetmap.org/node/12525432701"
12531369249,13.0042330,77.5536850,"","signal","","","OpenStreetMap","https://www.openstreetmap.org/node/12531369249"
12531369253,13.0044046,77.5538909,"","signal","","","OpenStreetMap","https://www.openstreetmap.org/node/12531369253"
12531390543,12.9749871,77.6251973,"","","","","OpenStreetMap","https://www.openstreetmap.org/node/12531390543"
12538092507,12.9816840,77.6311703,"","","","traffic_signals","OpenStreetMap","https://www.openstreetmap.org/node/12538092507"
12538092508,12.9816825,77.6315592,"","","","traffic_signals","OpenStreetMap","https://www.openstreetmap.org/node/12538092508"
12538092510,12.9784575,77.6285024,"","","forward","","OpenStreetMap","https://www.openstreetmap.org/node/12538092510"
12538710575,12.9595040,77.5557787,"","","","","OpenStreetMap","https://www.openstreetmap.org/node/12538710575"
12550783780,12.9665848,77.6139004,"","signal","","","OpenStreetMap","https://www.openstreetmap.org/node/12550783780"
12550784915,12.9664228,77.6139532,"","signal","","","OpenStreetMap","https://www.openstreetmap.org/node/12550784915"
12551629147,12.9971273,77.6699698,"","signal","","","OpenStreetMap","https://www.openstreetmap.org/node/12551629147"
12580905278,12.9369585,77.5754260,"","","","","OpenStreetMap","https://www.openstreetmap.org/node/12580905278"
12580905279,12.9367945,77.5755298,"","","","","OpenStreetMap","https://www.openstreetmap.org/node/12580905279"
12580905291,12.9405756,77.5740360,"","","","","OpenStreetMap","https://www.openstreetmap.org/node/12580905291"
12580905293,12.9398731,77.5738100,"","","","","OpenStreetMap","https://www.openstreetmap.org/node/12580905293"
12607355194,12.9870648,77.5198981,"Sumanahalli Junction","","","","OpenStreetMap","https://www.openstreetmap.org/node/12607355194"
12609390302,12.9667571,77.5873702,"","signal","","","OpenStreetMap","https://www.openstreetmap.org/node/12609390302"
12611782068,12.9119130,77.6491125,"","signal","forward","","OpenStreetMap","https://www.openstreetmap.org/node/12611782068"
12611782069,12.9119103,77.6489485,"","signal","backward","","OpenStreetMap","https://www.openstreetmap.org/node/12611782069"
12611782070,12.9117901,77.6490604,"","signal","backward","","OpenStreetMap","https://www.openstreetmap.org/node/12611782070"
12611782071,12.9120294,77.6490297,"","signal","forward","","OpenStreetMap","https://www.openstreetmap.org/node/12611782071"
12611782072,12.9124071,77.6325384,"","signal","","","OpenStreetMap","https://www.openstreetmap.org/node/12611782072"
12611782073,12.9125652,77.6324581,"","signal","","","OpenStreetMap","https://www.openstreetmap.org/node/12611782073"
12611782074,12.9123323,77.6324158,"","signal","","","OpenStreetMap","https://www.openstreetmap.org/node/12611782074"
12611782078,12.9124145,77.6323197,"","signal","backward","","OpenStreetMap","https://www.openstreetmap.org/node/12611782078"
12625079623,12.9209483,77.5745401,"","","","","OpenStreetMap","https://www.openstreetmap.org/node/12625079623"
12625079624,12.9206919,77.5744059,"","","","","OpenStreetMap","https://www.openstreetmap.org/node/12625079624"
12632101641,13.0186026,77.5574310,"","","","","OpenStreetMap","https://www.openstreetmap.org/node/12632101641"
12635606375,12.8949704,77.5551561,"","","","","OpenStreetMap","https://www.openstreetmap.org/node/12635606375"
12666382122,12.9970462,77.5732371,"","signal","","","OpenStreetMap","https://www.openstreetmap.org/node/12666382122"
12666382123,12.9968925,77.5733669,"","signal","","","OpenStreetMap","https://www.openstreetmap.org/node/12666382123"
12673175243,12.9240234,77.5531814,"","","","","OpenStreetMap","https://www.openstreetmap.org/node/12673175243"
12673415800,12.9720342,77.5938314,"","signal","","","OpenStreetMap","https://www.openstreetmap.org/node/12673415800"
12701887538,13.0040612,77.7569781,"","","","","OpenStreetMap","https://www.openstreetmap.org/node/12701887538"
12759075011,12.9977913,77.5509561,"","","","","OpenStreetMap","https://www.openstreetmap.org/node/12759075011"
12794940224,13.0756986,77.5580338,"","","forward","","OpenStreetMap","https://www.openstreetmap.org/node/12794940224"
12794940257,13.0757905,77.5582026,"","","forward","","OpenStreetMap","https://www.openstreetmap.org/node/12794940257"
12794940258,13.0758418,77.5579734,"","","forward","","OpenStreetMap","https://www.openstreetmap.org/node/12794940258"
12794940259,13.0759022,77.5581237,"","","forward","","OpenStreetMap","https://www.openstreetmap.org/node/12794940259"
12795275205,13.0458307,77.5563058,"","","","","OpenStreetMap","https://www.openstreetmap.org/node/12795275205"
12809422086,13.0056233,77.5652842,"","","","","OpenStreetMap","https://www.openstreetmap.org/node/12809422086"
12809422088,13.0057481,77.5651767,"","","","","OpenStreetMap","https://www.openstreetmap.org/node/12809422088"
12809847691,13.0089494,77.5630379,"","","","","OpenStreetMap","https://www.openstreetmap.org/node/12809847691"
12809847692,13.0088572,77.5632416,"","","","","OpenStreetMap","https://www.openstreetmap.org/node/12809847692"
12809882514,13.0056920,77.5650171,"","","","","OpenStreetMap","https://www.openstreetmap.org/node/12809882514"
12836614945,12.9579132,77.6059926,"","","","traffic_signals","OpenStreetMap","https://www.openstreetmap.org/node/12836614945"
12864985110,12.9580315,77.6061103,"","","","traffic_signals","OpenStreetMap","https://www.openstreetmap.org/node/12864985110"
12896290428,12.9739515,77.6411172,"","signal","","","OpenStreetMap","https://www.openstreetmap.org/node/12896290428"
12896290429,12.9737587,77.6410393,"","signal","","","OpenStreetMap","https://www.openstreetmap.org/node/12896290429"
12917084190,12.9307886,77.5762079,"","signal","","","OpenStreetMap","https://www.openstreetmap.org/node/12917084190"
12917084192,12.9307796,77.5762078,"","signal","","","OpenStreetMap","https://www.openstreetmap.org/node/12917084192"
12943206948,12.9956350,77.6083210,"","","","","OpenStreetMap","https://www.openstreetmap.org/node/12943206948"
12943206949,12.9956866,77.6085073,"","","","","OpenStreetMap","https://www.openstreetmap.org/node/12943206949"
12943244668,12.9884663,77.6171200,"","","","","OpenStreetMap","https://www.openstreetmap.org/node/12943244668"
12943244669,12.9884414,77.6173272,"","","","","OpenStreetMap","https://www.openstreetmap.org/node/12943244669"
12943244670,12.9886807,77.6173512,"","","","","OpenStreetMap","https://www.openstreetmap.org/node/12943244670"
12943244671,12.9887217,77.6171770,"","","","","OpenStreetMap","https://www.openstreetmap.org/node/12943244671"
12943244681,12.9906916,77.6139965,"","","","","OpenStreetMap","https://www.openstreetmap.org/node/12943244681"
12943290295,13.0225622,77.6371708,"","","","","OpenStreetMap","https://www.openstreetmap.org/node/12943290295"
12943290296,13.0228247,77.6370180,"","","forward","","OpenStreetMap","https://www.openstreetmap.org/node/12943290296"
12943290297,13.0227081,77.6373940,"","","backward","","OpenStreetMap","https://www.openstreetmap.org/node/12943290297"
12943290298,13.0229620,77.6372619,"","","","","OpenStreetMap","https://www.openstreetmap.org/node/12943290298"
12959672447,13.0249905,77.5928659,"","","","","OpenStreetMap","https://www.openstreetmap.org/node/12959672447"
12959672449,13.0249349,77.5929424,"","","","","OpenStreetMap","https://www.openstreetmap.org/node/12959672449"
12961466026,12.9825764,77.7582637,"","","","","OpenStreetMap","https://www.openstreetmap.org/node/12961466026"
12961466027,12.9823720,77.7582159,"","","","","OpenStreetMap","https://www.openstreetmap.org/node/12961466027"
12961466028,12.9834117,77.7683358,"","","","","OpenStreetMap","https://www.openstreetmap.org/node/12961466028"
12961466029,12.9834692,77.7683803,"","","","","OpenStreetMap","https://www.openstreetmap.org/node/12961466029"
12961529551,12.9774317,77.7511987,"","","","","OpenStreetMap","https://www.openstreetmap.org/node/12961529551"
12961529552,12.9773138,77.7512790,"","","","","OpenStreetMap","https://www.openstreetmap.org/node/12961529552"
12961529553,12.9698183,77.7500642,"","","","","OpenStreetMap","https://www.openstreetmap.org/node/12961529553"
12961531815,13.0041226,77.7571173,"","","","","OpenStreetMap","https://www.openstreetmap.org/node/12961531815"
12961531816,13.0041769,77.7569111,"","","","","OpenStreetMap","https://www.openstreetmap.org/node/12961531816"
12961531817,13.0041914,77.7570404,"","","","","OpenStreetMap","https://www.openstreetmap.org/node/12961531817"
12985332606,13.0285860,77.5712426,"","","","","OpenStreetMap","https://www.openstreetmap.org/node/12985332606"
12985420289,12.9830891,77.5601708,"","","","","OpenStreetMap","https://www.openstreetmap.org/node/12985420289"
12988102360,12.9220142,77.6451290,"","","","","OpenStreetMap","https://www.openstreetmap.org/node/12988102360"
12988102361,12.9218005,77.6450438,"","","backward","","OpenStreetMap","https://www.openstreetmap.org/node/12988102361"
12988102362,12.9221030,77.6450577,"","","","","OpenStreetMap","https://www.openstreetmap.org/node/12988102362"
12998568325,12.9295055,77.6846660,"","","","","OpenStreetMap","https://www.openstreetmap.org/node/12998568325"
12998568326,12.9297323,77.6843705,"","","","","OpenStreetMap","https://www.openstreetmap.org/node/12998568326"
13023127932,13.0820478,77.5424452,"","signal","","","OpenStreetMap","https://www.openstreetmap.org/node/13023127932"
13043346080,13.0724945,77.6040074,"","","","","OpenStreetMap","https://www.openstreetmap.org/node/13043346080"
13043346081,13.0725581,77.6040974,"","","","","OpenStreetMap","https://www.openstreetmap.org/node/13043346081"
13043346082,13.0727113,77.6040456,"","","","","OpenStreetMap","https://www.openstreetmap.org/node/13043346082"
13043346083,13.0726681,77.6039581,"","","","","OpenStreetMap","https://www.openstreetmap.org/node/13043346083"
13058420509,12.9256836,77.6251884,"","","","","OpenStreetMap","https://www.openstreetmap.org/node/13058420509"
13075780553,13.0000667,77.6768288,"","","","","OpenStreetMap","https://www.openstreetmap.org/node/13075780553"
13078315932,12.9483588,77.5797246,"","","","","OpenStreetMap","https://www.openstreetmap.org/node/13078315932"
13078315933,12.9370022,77.5801190,"","","","","OpenStreetMap","https://www.openstreetmap.org/node/13078315933"
13078315934,12.9363853,77.5800407,"","","","","OpenStreetMap","https://www.openstreetmap.org/node/13078315934"
13096120948,12.8842604,77.5964042,"","","","","OpenStreetMap","https://www.openstreetmap.org/node/13096120948"
13096120949,12.8842964,77.5965700,"","","","","OpenStreetMap","https://www.openstreetmap.org/node/13096120949"
13096120950,12.8844507,77.5965124,"","","","","OpenStreetMap","https://www.openstreetmap.org/node/13096120950"
13108404164,12.9166918,77.6099752,"","","","","OpenStreetMap","https://www.openstreetmap.org/node/13108404164"
13112165560,12.9740353,77.6467738,"","","","","OpenStreetMap","https://www.openstreetmap.org/node/13112165560"
13112165561,12.9739640,77.6468530,"","","","","OpenStreetMap","https://www.openstreetmap.org/node/13112165561"
13112165562,12.9741310,77.6469208,"","","","","OpenStreetMap","https://www.openstreetmap.org/node/13112165562"
13112165568,12.9785214,77.6409104,"","","","","OpenStreetMap","https://www.openstreetmap.org/node/13112165568"
13127345329,12.8414230,77.5883243,"","","","","OpenStreetMap","https://www.openstreetmap.org/node/13127345329"
13127345330,12.8417392,77.5887029,"","","","","OpenStreetMap","https://www.openstreetmap.org/node/13127345330"
13127345331,12.8412776,77.5885295,"","","","","OpenStreetMap","https://www.openstreetmap.org/node/13127345331"
13127345332,12.8418234,77.5885566,"","","","","OpenStreetMap","https://www.openstreetmap.org/node/13127345332"
13127415069,12.9312085,77.6950202,"","","","","OpenStreetMap","https://www.openstreetmap.org/node/13127415069"
13127415070,12.9313358,77.6949182,"","","","","OpenStreetMap","https://www.openstreetmap.org/node/13127415070"
13153859618,12.9556246,77.5857447,"","","","","OpenStreetMap","https://www.openstreetmap.org/node/13153859618"
13153859619,12.9555637,77.5855833,"","","","","OpenStreetMap","https://www.openstreetmap.org/node/13153859619"
13161545541,12.9462368,77.5879167,"","","","","OpenStreetMap","https://www.openstreetmap.org/node/13161545541"
13161545542,12.9461813,77.5880004,"","","","","OpenStreetMap","https://www.openstreetmap.org/node/13161545542"
13167025624,12.9441940,77.6027911,"","","","","OpenStreetMap","https://www.openstreetmap.org/node/13167025624"
13167025625,12.9443282,77.6029976,"","","","","OpenStreetMap","https://www.openstreetmap.org/node/13167025625"
13169514757,12.9071499,77.4990496,"","","backward","","OpenStreetMap","https://www.openstreetmap.org/node/13169514757"
13180113879,12.8894320,77.5635943,"","","","","OpenStreetMap","https://www.openstreetmap.org/node/13180113879"
13191749643,12.8904796,77.5642343,"","traffic_lights","","","OpenStreetMap","https://www.openstreetmap.org/node/13191749643"
13191749644,12.8904008,77.5642284,"","traffic_lights","forward","","OpenStreetMap","https://www.openstreetmap.org/node/13191749644"
13191749645,12.8904726,77.5644797,"","traffic_lights","forward","","OpenStreetMap","https://www.openstreetmap.org/node/13191749645"
13243451771,12.9326232,77.5162542,"","","backward","","OpenStreetMap","https://www.openstreetmap.org/node/13243451771"
13243451772,12.9327688,77.5160243,"","","forward","","OpenStreetMap","https://www.openstreetmap.org/node/13243451772"
13243451773,12.9326592,77.5160589,"","","","","OpenStreetMap","https://www.openstreetmap.org/node/13243451773"
13243451774,12.9327335,77.5162336,"","","","","OpenStreetMap","https://www.openstreetmap.org/node/13243451774"
13245148770,12.8740304,77.5409011,"","","","","OpenStreetMap","https://www.openstreetmap.org/node/13245148770"
13245148819,12.9154491,77.5134319,"","","","","OpenStreetMap","https://www.openstreetmap.org/node/13245148819"
13245148821,12.9156687,77.5134909,"","","","","OpenStreetMap","https://www.openstreetmap.org/node/13245148821"
13245148823,12.9155099,77.5135770,"","","","","OpenStreetMap","https://www.openstreetmap.org/node/13245148823"
13245148836,12.9039625,77.5106774,"","","forward","","OpenStreetMap","https://www.openstreetmap.org/node/13245148836"
13245148837,12.9040203,77.5106143,"","","forward","","OpenStreetMap","https://www.openstreetmap.org/node/13245148837"
13245148838,12.9040210,77.5108140,"","","forward","","OpenStreetMap","https://www.openstreetmap.org/node/13245148838"
13245148864,12.9067994,77.5210806,"","","","","OpenStreetMap","https://www.openstreetmap.org/node/13245148864"
13245148865,12.9068420,77.5210156,"","","","","OpenStreetMap","https://www.openstreetmap.org/node/13245148865"
13245148866,12.9068580,77.5211610,"","","","","OpenStreetMap","https://www.openstreetmap.org/node/13245148866"
13245148867,12.9069092,77.5210802,"","","","","OpenStreetMap","https://www.openstreetmap.org/node/13245148867"
13245249367,13.0568295,77.5072995,"","signal","","","OpenStreetMap","https://www.openstreetmap.org/node/13245249367"
13245249368,13.0595771,77.5070158,"","signal","","","OpenStreetMap","https://www.openstreetmap.org/node/13245249368"
13245249369,13.0593279,77.5069233,"","signal","","","OpenStreetMap","https://www.openstreetmap.org/node/13245249369"
13266242070,12.9793454,77.6023303,"","","","","OpenStreetMap","https://www.openstreetmap.org/node/13266242070"
13266242072,12.9790835,77.6023553,"","","","","OpenStreetMap","https://www.openstreetmap.org/node/13266242072"
13343865504,12.9622978,77.5943139,"","","","","OpenStreetMap","https://www.openstreetmap.org/node/13343865504"
13343865543,12.9623969,77.5951378,"","","","","OpenStreetMap","https://www.openstreetmap.org/node/13343865543"
13343865544,12.9624987,77.5951426,"","","","","OpenStreetMap","https://www.openstreetmap.org/node/13343865544"
13343865547,12.9624566,77.5952410,"","","","","OpenStreetMap","https://www.openstreetmap.org/node/13343865547"
13360511829,12.9168238,77.5999127,"","","forward","","OpenStreetMap","https://www.openstreetmap.org/node/13360511829"
13360511830,12.9166532,77.6000666,"","","forward","","OpenStreetMap","https://www.openstreetmap.org/node/13360511830"
13368863481,12.9127511,77.6802159,"","","","","OpenStreetMap","https://www.openstreetmap.org/node/13368863481"
13368863482,12.9129024,77.6801651,"","","","","OpenStreetMap","https://www.openstreetmap.org/node/13368863482"
13377510554,12.9134808,77.6788139,"","","","","OpenStreetMap","https://www.openstreetmap.org/node/13377510554"
13377510555,12.9136285,77.6787266,"","","","","OpenStreetMap","https://www.openstreetmap.org/node/13377510555"
13377674281,12.9872001,77.6200135,"","","","","OpenStreetMap","https://www.openstreetmap.org/node/13377674281"
13392355626,12.9976504,77.5510988,"","","","","OpenStreetMap","https://www.openstreetmap.org/node/13392355626"
13392355627,12.9977732,77.5512143,"","","","","OpenStreetMap","https://www.openstreetmap.org/node/13392355627"
13392355632,12.9973035,77.5463642,"","","","","OpenStreetMap","https://www.openstreetmap.org/node/13392355632"
13392355633,12.9975798,77.5463728,"","","","","OpenStreetMap","https://www.openstreetmap.org/node/13392355633"
13392355634,12.9974227,77.5465163,"","","","","OpenStreetMap","https://www.openstreetmap.org/node/13392355634"
13392355635,12.9975015,77.5462555,"","","","","OpenStreetMap","https://www.openstreetmap.org/node/13392355635"
13396930899,12.9742212,77.5749934,"","","","","OpenStreetMap","https://www.openstreetmap.org/node/13396930899"
13396930900,12.9743479,77.5750736,"","","","","OpenStreetMap","https://www.openstreetmap.org/node/13396930900"
13397050517,12.9807285,77.5769615,"","","","","OpenStreetMap","https://www.openstreetmap.org/node/13397050517"
13409937609,13.0319335,77.6217622,"","signal","","","OpenStreetMap","https://www.openstreetmap.org/node/13409937609"
13409937610,13.0320250,77.6217789,"","signal","","","OpenStreetMap","https://www.openstreetmap.org/node/13409937610"
13409937611,13.0320388,77.6218895,"","signal","","","OpenStreetMap","https://www.openstreetmap.org/node/13409937611"
13409937612,13.0320115,77.6218910,"","signal","","","OpenStreetMap","https://www.openstreetmap.org/node/13409937612"
13429861055,13.0365882,77.5350605,"","","","","OpenStreetMap","https://www.openstreetmap.org/node/13429861055"
13429861056,13.0367936,77.5350102,"","","","","OpenStreetMap","https://www.openstreetmap.org/node/13429861056"
13429861057,13.0366159,77.5351797,"","","","","OpenStreetMap","https://www.openstreetmap.org/node/13429861057"
13429861058,13.0367267,77.5351693,"","","","","OpenStreetMap","https://www.openstreetmap.org/node/13429861058"
13451926946,12.9738078,77.6137724,"","","","","OpenStreetMap","https://www.openstreetmap.org/node/13451926946"
13451926992,12.9811420,77.5972281,"","","","","OpenStreetMap","https://www.openstreetmap.org/node/13451926992"
13459522647,12.9654133,77.6188029,"","","","","OpenStreetMap","https://www.openstreetmap.org/node/13459522647"
13459522648,12.9654809,77.6187161,"","","","","OpenStreetMap","https://www.openstreetmap.org/node/13459522648"
13472655798,12.9569564,77.5673755,"","","","","OpenStreetMap","https://www.openstreetmap.org/node/13472655798"
13472655799,12.9571097,77.5672397,"","","","","OpenStreetMap","https://www.openstreetmap.org/node/13472655799"
13472655800,12.9572445,77.5673949,"","","","","OpenStreetMap","https://www.openstreetmap.org/node/13472655800"
13472659201,12.9570889,77.5675514,"","","","","OpenStreetMap","https://www.openstreetmap.org/node/13472659201"
13503202473,13.0039854,77.5501454,"","","","","OpenStreetMap","https://www.openstreetmap.org/node/13503202473"
13503202497,13.0040169,77.5498148,"","","","","OpenStreetMap","https://www.openstreetmap.org/node/13503202497"
13514710560,12.9369735,77.6015412,"","","","","OpenStreetMap","https://www.openstreetmap.org/node/13514710560"
13518615592,12.9346402,77.6237113,"","","","","OpenStreetMap","https://www.openstreetmap.org/node/13518615592"
13518615593,12.9346329,77.6239554,"","","","","OpenStreetMap","https://www.openstreetmap.org/node/13518615593"
13518615594,12.9345359,77.6237779,"","","","","OpenStreetMap","https://www.openstreetmap.org/node/13518615594"
13598615868,12.9786431,77.5426324,"","signal","backward","","OpenStreetMap","https://www.openstreetmap.org/node/13598615868"
13648828663,13.0838764,77.6345954,"","","","","OpenStreetMap","https://www.openstreetmap.org/node/13648828663"
13648828664,13.0839680,77.6347092,"","","","","OpenStreetMap","https://www.openstreetmap.org/node/13648828664"
13648828665,13.0838933,77.6347385,"","","","","OpenStreetMap","https://www.openstreetmap.org/node/13648828665"
13652131853,13.0076841,77.5488168,"","","","","OpenStreetMap","https://www.openstreetmap.org/node/13652131853"
13652131854,13.0076091,77.5486245,"","","","","OpenStreetMap","https://www.openstreetmap.org/node/13652131854"
13652131855,13.0076958,77.5485493,"","","","","OpenStreetMap","https://www.openstreetmap.org/node/13652131855"
13655652424,12.9614146,77.7478004,"","","","","OpenStreetMap","https://www.openstreetmap.org/node/13655652424"
13659423696,12.9747468,77.5705077,"","","","","OpenStreetMap","https://www.openstreetmap.org/node/13659423696"
13701806513,13.0267846,77.5799122,"","","","","OpenStreetMap","https://www.openstreetmap.org/node/13701806513"
13701806514,13.0268892,77.5797151,"","","","","OpenStreetMap","https://www.openstreetmap.org/node/13701806514"
13701806515,13.0269731,77.5797718,"","","","","OpenStreetMap","https://www.openstreetmap.org/node/13701806515"
13701933452,12.9802529,77.5538229,"","","","","OpenStreetMap","https://www.openstreetmap.org/node/13701933452"
13701933464,12.9798574,77.5537163,"","","","","OpenStreetMap","https://www.openstreetmap.org/node/13701933464"
13701946301,12.9798875,77.5539125,"","","","","OpenStreetMap","https://www.openstreetmap.org/node/13701946301"
13701946393,12.9749705,77.5521747,"","","","","OpenStreetMap","https://www.openstreetmap.org/node/13701946393"
13701946510,12.9752472,77.5523803,"","","","","OpenStreetMap","https://www.openstreetmap.org/node/13701946510"
13800839389,12.9529130,77.6052963,"","signal","","","OpenStreetMap","https://www.openstreetmap.org/node/13800839389"
13800839390,12.9525117,77.6051770,"","","","","OpenStreetMap","https://www.openstreetmap.org/node/13800839390"
13807679748,13.0153306,77.6427262,"","","","","OpenStreetMap","https://www.openstreetmap.org/node/13807679748"
13807679749,13.0152217,77.6429280,"","","","","OpenStreetMap","https://www.openstreetmap.org/node/13807679749"
13807679750,13.0151837,77.6427356,"","","","","OpenStreetMap","https://www.openstreetmap.org/node/13807679750"
13875979439,12.9254347,77.6860762,"","","","","OpenStreetMap","https://www.openstreetmap.org/node/13875979439"
13875979440,12.9252342,77.6858982,"","","","","OpenStreetMap","https://www.openstreetmap.org/node/13875979440"
13875979446,12.9254902,77.6859802,"","","","","OpenStreetMap","https://www.openstreetmap.org/node/13875979446"
13875979481,12.9188485,77.6855133,"","","","","OpenStreetMap","https://www.openstreetmap.org/node/13875979481"
13875979496,12.9203080,77.6855654,"","","","","OpenStreetMap","https://www.openstreetmap.org/node/13875979496"
13875979497,12.9200925,77.6854730,"","","","","OpenStreetMap","https://www.openstreetmap.org/node/13875979497"
13875979498,12.9201689,77.6856901,"","","","","OpenStreetMap","https://www.openstreetmap.org/node/13875979498"
13875979692,12.9299886,77.6852915,"","","","","OpenStreetMap","https://www.openstreetmap.org/node/13875979692"
13908676867,12.9237737,77.5532210,"","","","","OpenStreetMap","https://www.openstreetmap.org/node/13908676867"
13929364694,12.9842826,77.5824718,"","","","","OpenStreetMap","https://www.openstreetmap.org/node/13929364694"
13929364695,12.9843800,77.5825591,"","","","","OpenStreetMap","https://www.openstreetmap.org/node/13929364695"
13930728384,12.9688140,77.5367643,"","","","","OpenStreetMap","https://www.openstreetmap.org/node/13930728384"
13930728385,12.9688622,77.5366083,"","","","","OpenStreetMap","https://www.openstreetmap.org/node/13930728385"
13952275325,12.9711887,77.6589548,"","","","","OpenStreetMap","https://www.openstreetmap.org/node/13952275325"
13952275326,12.9712678,77.6586898,"","","","","OpenStreetMap","https://www.openstreetmap.org/node/13952275326"
13952275340,12.9716363,77.6585622,"","","","","OpenStreetMap","https://www.openstreetmap.org/node/13952275340"
13954289419,12.9793301,77.6069780,"","","","","OpenStreetMap","https://www.openstreetmap.org/node/13954289419"
13954289420,12.9791701,77.6070509,"","","","","OpenStreetMap","https://www.openstreetmap.org/node/13954289420"
14136326749,12.9868526,77.6476784,"","","","","OpenStreetMap","https://www.openstreetmap.org/node/14136326749"
14136370405,12.9112739,77.5728305,"","","","","OpenStreetMap","https://www.openstreetmap.org/node/14136370405"
14136370406,12.9114502,77.5729361,"","","","","OpenStreetMap","https://www.openstreetmap.org/node/14136370406"
14136370407,12.9113421,77.5730838,"","","","","OpenStreetMap","https://www.openstreetmap.org/node/14136370407"
14136473704,12.9240680,77.5533295,"","","","","OpenStreetMap","https://www.openstreetmap.org/node/14136473704"
14136473733,12.9238711,77.5533834,"","","","","OpenStreetMap","https://www.openstreetmap.org/node/14136473733"
14136473795,12.9238338,77.5538059,"","","","","OpenStreetMap","https://www.openstreetmap.org/node/14136473795"
14136473796,12.9236859,77.5539591,"","","","","OpenStreetMap","https://www.openstreetmap.org/node/14136473796"
